Patient_117,Patient_117
Patient_132,Patient_132
Patient_160,Patient_160
Patient_199,Patient_199
Patient_204,Patient_204
Patient_229,Patient_229
Patient_233,Patient_233
Patient_244,Patient_244
Patient_310,Patient_310
Patient_324,Patient_324
Patient_328,Patient_328
Patient_336,Patient_336
Patient_362,Patient_362
Patient_367,Patient_367
Patient_487,Patient_487
Patient_491,Patient_491
Patient_541,Patient_541
Patient_543,Patient_543
Patient_558,Patient_558
Patient_561,Patient_561
Patient_76,Patient_76
Patient_208,Patient_208
as.factor(oxy.full$Animal)117,as.factor(oxy.full$Animal)117
as.factor(oxy.full$Animal)132,as.factor(oxy.full$Animal)132
as.factor(oxy.full$Animal)160,as.factor(oxy.full$Animal)160
as.factor(oxy.full$Animal)199,as.factor(oxy.full$Animal)199
as.factor(oxy.full$Animal)204,as.factor(oxy.full$Animal)204
as.factor(oxy.full$Animal)229,as.factor(oxy.full$Animal)229
as.factor(oxy.full$Animal)233,as.factor(oxy.full$Animal)233
as.factor(oxy.full$Animal)244,as.factor(oxy.full$Animal)244
as.factor(oxy.full$Animal)310,as.factor(oxy.full$Animal)310
as.factor(oxy.full$Animal)324,as.factor(oxy.full$Animal)324
as.factor(oxy.full$Animal)328,as.factor(oxy.full$Animal)328
as.factor(oxy.full$Animal)336,as.factor(oxy.full$Animal)336
as.factor(oxy.full$Animal)362,as.factor(oxy.full$Animal)362
as.factor(oxy.full$Animal)367,as.factor(oxy.full$Animal)367
as.factor(oxy.full$Animal)487,as.factor(oxy.full$Animal)487
as.factor(oxy.full$Animal)491,as.factor(oxy.full$Animal)491
as.factor(oxy.full$Animal)541,as.factor(oxy.full$Animal)541
as.factor(oxy.full$Animal)543,as.factor(oxy.full$Animal)543
as.factor(oxy.full$Animal)558,as.factor(oxy.full$Animal)558
as.factor(oxy.full$Animal)561,as.factor(oxy.full$Animal)561
as.factor(oxy.full$Animal)76,as.factor(oxy.full$Animal)76
NTM_disease,NTM_disease
Persistent_infection,Persistent_infection
fev1,fev1
Otu0001,Staphylococcus
Otu0002,Pseudomonas
Otu0003,Streptococcus
Otu0004,Veillonella
Otu0005,Prevotella
Otu0006,Streptococcus
Otu0007,Streptococcus
Otu0008,Rothia
Otu0009,Haemophilus
Otu0010,Achromobacter
Otu0011,Lactobacillales_unclassified
Otu0012,Neisseria
Otu0013,Gemella
Otu0014,Stenotrophomonas
Otu0015,Actinomyces
Otu0016,Fusobacterium
Otu0017,Prevotella
Otu0018,Pasteurellaceae_unclassified
Otu0019,Rothia
Otu0020,Porphyromonas
Otu0021,Prevotella
Otu0022,Actinomyces
Otu0023,Prevotella
Otu0024,Atopobium
Otu0025,Mycoplasma
Otu0026,Oribacterium
Otu0027,Veillonella
Otu0028,Streptococcus
Otu0029,Actinomyces
Otu0030,Megasphaera
Otu0031,Capnocytophaga
Otu0032,Lautropia
Otu0033,Alloprevotella
Otu0034,Prevotella
Otu0035,Peptostreptococcus
Otu0036,Scardovia
Otu0037,Parvimonas
Otu0038,Prevotella
Otu0039,Stomatobaculum
Otu0040,Abiotrophia
Otu0041,Leptotrichia
Otu0042,Leptotrichia
Otu0043,Fusobacterium
Otu0044,Alloscardovia
Otu0045,Actinomyces
Otu0046,Mogibacterium
Otu0047,Leptotrichiaceae_unclassified
Otu0048,Pseudomonas
Otu0049,Lachnoanaerobaculum
Otu0050,Firmicutes_unclassified
Otu0051,Capnocytophaga
Otu0052,Campylobacter
Otu0053,Prevotella
Otu0054,Prevotellaceae_unclassified
Otu0055,Prevotella
Otu0056,Solobacterium
Otu0057,Leptotrichia
Otu0058,Prevotella
Otu0059,Bifidobacterium
Otu0060,Pasteurellaceae_unclassified
Otu0061,Lachnoanaerobaculum
Otu0062,Flavobacteriaceae_unclassified
Otu0063,Capnocytophaga
Otu0064,Atopobium
Otu0065,Tannerella
Otu0066,Prevotella
Otu0067,Neisseria
Otu0068,Rothia
Otu0069,Oribacterium
Otu0070,Streptococcus
Otu0071,Lactobacillus
Otu0072,Prevotella
Otu0073,Pandoraea
Otu0074,Prevotella
Otu0075,Leptotrichia
Otu0076,Porphyromonas
Otu0077,Rothia
Otu0078,Catonella
Otu0079,Tannerella
Otu0080,Prevotella
Otu0081,Bulleidia
Otu0082,Prevotella
Otu0083,Corynebacterium
Otu0084,Stomatobaculum
Otu0085,Kingella
Otu0086,Lactobacillus
Otu0087,Porphyromonas
Otu0088,Treponema
Otu0089,Selenomonas
Otu0090,Porphyromonas
Otu0091,Prevotella
Otu0092,Lactobacillus
Otu0093,Prevotella
Otu0094,Prevotella
Otu0095,Acinetobacter
Otu0096,Selenomonas
Otu0097,Treponema
Otu0098,Campylobacter
Otu0099,Peptoniphilus
Otu0100,Bacteria_unclassified
Otu0101,Porphyromonas
Otu0102,Dialister
Otu0103,Streptococcus
Otu0104,Eubacterium
Otu0105,Lactobacillus
Otu0106,Veillonellaceae_unclassified
Otu0107,Ralstonia
Otu0108,Prevotella
Otu0109,Prevotella
Otu0110,Capnocytophaga
Otu0111,Prevotella
Otu0112,Shuttleworthia
Otu0113,Eggerthia
Otu0114,Bacteria_unclassified
Otu0115,Clostridiales_unclassified
Otu0116,Lactobacillus
Otu0117,Bacteroidales_unclassified
Otu0118,Granulicatella
Otu0119,Prevotella
Otu0120,Veillonella
Otu0121,Lactobacillus
Otu0122,Treponema
Otu0123,Prevotella
Otu0124,Bacteroidales_unclassified
Otu0125,Fretibacterium
Otu0126,Pasteurellaceae_unclassified
Otu0127,Corynebacterium
Otu0128,Candidatus_Saccharibacteria_unclassified
Otu0129,Fretibacterium
Otu0130,Bradyrhizobiaceae_unclassified
Otu0131,Leptotrichia
Otu0132,Burkholderia
Otu0133,Oribacterium
Otu0134,Veillonella
Otu0135,Enterococcus
Otu0136,Streptococcus
Otu0137,Veillonella
Otu0138,Bacteroidales_unclassified
Otu0139,Bacteroides
Otu0140,Eubacterium
Otu0141,Gemella
Otu0142,Eikenella
Otu0143,Veillonellaceae_unclassified
Otu0144,Prevotella
Otu0145,Slackia
Otu0146,Neisseria
Otu0147,Bacteroides
Otu0148,Actinomyces
Otu0149,Bifidobacterium
Otu0150,Streptococcus
Otu0151,Selenomonas
Otu0152,Streptococcus
Otu0153,Actinomyces
Otu0154,Clostridiales_unclassified
Otu0155,Finegoldia
Otu0156,Alloprevotella
Otu0157,Veillonellaceae_unclassified
Otu0158,Streptococcus
Otu0159,Leptotrichia
Otu0160,Streptococcus
Otu0161,Veillonella
Otu0162,Pseudomonadaceae_unclassified
Otu0163,Lactobacillales_unclassified
Otu0164,Dialister
Otu0165,Bacteroides
Otu0166,Streptococcus
Otu0167,Prevotella
Otu0168,Treponema
Otu0169,Streptococcus
Otu0170,Escherichia/Shigella
Otu0171,Olsenella
Otu0172,Veillonella
Otu0173,Lactobacillus
Otu0174,Prevotellaceae_unclassified
Otu0175,Lachnospiraceae_unclassified
Otu0176,Actinomycetales_unclassified
Otu0177,Prevotella
Otu0178,Prevotella
Otu0179,Prevotella
Otu0180,Flavobacteriaceae_unclassified
Otu0181,Alistipes
Otu0182,Lactococcus
Otu0183,Treponema
Otu0184,Kingella
Otu0185,Lachnospiraceae_unclassified
Otu0186,Dialister
Otu0187,Sphingomonas
Otu0188,Bacteroidetes_unclassified
Otu0189,Veillonellaceae_unclassified
Otu0190,Cardiobacterium
Otu0191,Akkermansia
Otu0192,Neisseriaceae_unclassified
Otu0193,Pseudomonadaceae_unclassified
Otu0194,Prevotella
Otu0195,Campylobacter
Otu0196,Staphylococcaceae_unclassified
Otu0197,Prevotella
Otu0198,Flavobacteriaceae_unclassified
Otu0199,Achromobacter
Otu0200,Fusobacterium
Otu0201,Streptococcus
Otu0202,Bacteroidales_unclassified
Otu0203,Streptococcus
Otu0204,Prevotella
Otu0205,Bacteroidetes_unclassified
Otu0206,Clostridiales_unclassified
Otu0207,Bacillales_unclassified
Otu0208,Pseudomonas
Otu0209,Treponema
Otu0210,Firmicutes_unclassified
Otu0211,Staphylococcus
Otu0212,Veillonellaceae_unclassified
Otu0213,Leptotrichia
Otu0214,Actinomycetales_unclassified
Otu0215,Brevundimonas
Otu0216,Capnocytophaga
Otu0217,Prevotella
Otu0218,Candidatus_Saccharibacteria_unclassified
Otu0219,Prevotella
Otu0220,Prevotella
Otu0221,Leuconostoc
Otu0222,Candidatus_Saccharibacteria_unclassified
Otu0223,Rothia
Otu0224,Neisseria
Otu0225,Rothia
Otu0226,Staphylococcus
Otu0227,Streptococcus
Otu0228,Streptococcus
Otu0229,Streptococcus
Otu0230,Streptococcus
Otu0231,Bacillales_unclassified
Otu0232,Lactobacillus
Otu0233,Staphylococcus
Otu0234,Staphylococcus
Otu0235,Faecalibacterium
Otu0236,Bifidobacteriaceae_unclassified
Otu0237,Lachnospiraceae_unclassified
Otu0238,Actinomyces
Otu0239,Prevotella
Otu0240,Candidatus_Saccharibacteria_unclassified
Otu0241,Prevotella
Otu0242,Prevotella
Otu0243,Prevotella
Otu0244,Streptococcus
Otu0245,Mycobacterium
Otu0246,Ureaplasma
Otu0247,Filifactor
Otu0248,Streptococcus
Otu0249,Leptotrichia
Otu0250,Flavobacteriaceae_unclassified
Otu0251,Rothia
Otu0252,Capnocytophaga
Otu0253,Bacilli_unclassified
Otu0254,Bacteria_unclassified
Otu0255,Lactobacillus
Otu0256,Bacilli_unclassified
Otu0257,Fusobacterium
Otu0258,Lachnospiraceae_unclassified
Otu0259,Streptococcus
Otu0260,Capnocytophaga
Otu0261,Staphylococcus
Otu0262,Butyrivibrio
Otu0263,Streptococcus
Otu0264,Gardnerella
Otu0265,Prevotella
Otu0266,Veillonellaceae_unclassified
Otu0267,Prevotella
Otu0268,Prevotella
Otu0269,Lactobacillales_unclassified
Otu0270,Fusobacterium
Otu0271,Streptococcus
Otu0272,Streptococcus
Otu0273,Prevotella
Otu0274,Staphylococcus
Otu0275,Rothia
Otu0276,Cryptobacterium
Otu0277,Streptococcus
Otu0278,Methylobacterium
Otu0279,Lactobacillus
Otu0280,Bacteroides
Otu0281,Clostridiales_unclassified
Otu0282,Veillonella
Otu0283,Comamonadaceae_unclassified
Otu0284,Anaeroglobus
Otu0285,Bacilli_unclassified
Otu0286,Gimesia
Otu0287,Capnocytophaga
Otu0288,Roseburia
Otu0289,Bacilli_unclassified
Otu0290,Lachnoanaerobaculum
Otu0291,Streptococcus
Otu0292,Dickeya
Otu0293,Staphylococcus
Otu0294,Streptococcus
Otu0295,Staphylococcus
Otu0296,Streptococcus
Otu0297,Pasteurellaceae_unclassified
Otu0298,Clostridiales_unclassified
Otu0299,Bacilli_unclassified
Otu0300,Actinomycetales_unclassified
Otu0301,Streptococcus
Otu0302,Staphylococcus
Otu0303,Mogibacterium
Otu0304,Streptococcus
Otu0305,SR1_unclassified
Otu0306,Bacteroides
Otu0307,Campylobacter
Otu0308,Ruminococcaceae_unclassified
Otu0309,Streptobacillus
Otu0310,Xanthomonas
Otu0311,Lactobacillales_unclassified
Otu0312,Bacteroides
Otu0313,Prevotella
Otu0314,Streptococcus
Otu0315,Leptotrichia
Otu0316,Prevotella
Otu0317,Corynebacterium
Otu0318,Actinomyces
Otu0319,Bacilli_unclassified
Otu0320,Lachnospiraceae_unclassified
Otu0321,Collinsella
Otu0322,Ruminococcaceae_unclassified
Otu0323,Streptococcus
Otu0324,Enterobacteriaceae_unclassified
Otu0325,Bacillales_unclassified
Otu0326,Bacteria_unclassified
Otu0327,Neisseria
Otu0328,Atopobium
Otu0329,Bacilli_unclassified
Otu0330,Rothia
Otu0331,Prevotella
Otu0332,Pseudomonadaceae_unclassified
Otu0333,Veillonella
Otu0334,Streptococcus
Otu0335,Streptococcus
Otu0336,Rothia
Otu0337,Actinomycetales_unclassified
Otu0338,Blautia
Otu0339,Rothia
Otu0340,Streptococcus
Otu0341,Lautropia
Otu0342,Bacteria_unclassified
Otu0343,Prevotella
Otu0344,Leptotrichia
Otu0345,Olsenella
Otu0346,Chryseobacterium
Otu0347,Alistipes
Otu0348,Bacilli_unclassified
Otu0349,Actinomyces
Otu0350,Corynebacterium
Otu0351,Actinomyces
Otu0352,Methylobacterium
Otu0353,Prevotella
Otu0354,Moraxella
Otu0355,Sediminibacterium
Otu0356,Actinomycetales_unclassified
Otu0357,Capnocytophaga
Otu0358,Pseudomonadaceae_unclassified
Otu0359,Prevotella
Otu0360,Fusobacterium
Otu0361,Blautia
Otu0362,Streptococcus
Otu0363,Veillonella
Otu0364,Pseudomonas
Otu0365,Thermus
Otu0366,Lactobacillales_unclassified
Otu0367,Veillonella
Otu0368,Staphylococcus
Otu0369,Parabacteroides
Otu0370,Veillonella
Otu0371,Lactobacillales_unclassified
Otu0372,Rothia
Otu0373,Pseudomonadaceae_unclassified
Otu0374,Veillonella
Otu0375,Gallibacterium
Otu0376,Streptococcus
Otu0377,Pasteurellaceae_unclassified
Otu0378,Streptococcus
Otu0379,Scardovia
Otu0380,Ruminococcaceae_unclassified
Otu0381,Veillonella
Otu0382,Veillonella
Otu0383,Streptococcus
Otu0384,Veillonella
Otu0385,Actinomyces
Otu0386,Prevotella
Otu0387,Parvimonas
Otu0388,Bacilli_unclassified
Otu0389,Pseudomonadaceae_unclassified
Otu0390,Actinomyces
Otu0391,Enterobacteriaceae_unclassified
Otu0392,Megasphaera
Otu0393,Prevotella
Otu0394,Rothia
Otu0395,Lactobacillales_unclassified
Otu0396,Actinomyces
Otu0397,Streptococcus
Otu0398,Empedobacter
Otu0399,Prevotella
Otu0400,Leptotrichia
Otu0401,Leuconostoc
Otu0402,Anaerostipes
Otu0403,Clostridiales_unclassified
Otu0404,Streptococcus
Otu0405,Neisseriaceae_unclassified
Otu0406,Streptococcus
Otu0407,Prevotella
Otu0408,Prevotella
Otu0409,Aquabacterium
Otu0410,Prevotella
Otu0411,Streptococcus
Otu0412,Veillonella
Otu0413,Streptococcus
Otu0414,Alistipes
Otu0415,Prevotella
Otu0416,Parabacteroides
Otu0417,Clostridiales_unclassified
Otu0418,Lactobacillales_unclassified
Otu0419,Phascolarctobacterium
Otu0420,Porphyromonadaceae_unclassified
Otu0421,Veillonella
Otu0422,Prevotella
Otu0423,Acidaminococcus
Otu0424,Prevotella
Otu0425,Streptococcus
Otu0426,Rothia
Otu0427,Fusobacterium
Otu0428,Candidatus_Saccharibacteria_unclassified
Otu0429,Bacillales_unclassified
Otu0430,Cloacibacterium
Otu0431,Actinomyces
Otu0432,Veillonella
Otu0433,Ruminococcaceae_unclassified
Otu0434,Lactobacillales_unclassified
Otu0435,Prevotella
Otu0436,Prevotella
Otu0437,Veillonella
Otu0438,Nocardia
Otu0439,Prevotella
Otu0440,Staphylococcus
Otu0441,Flavobacteriaceae_unclassified
Otu0442,Bacillales_unclassified
Otu0443,Prevotella
Otu0444,Actinomyces
Otu0445,Ruminococcus2
Otu0446,Actinomycetales_unclassified
Otu0447,Streptococcus
Otu0448,Prevotella
Otu0449,Listeria
Otu0450,Fusobacterium
Otu0451,Pseudomonadaceae_unclassified
Otu0452,Prevotella
Otu0453,Bacillales_unclassified
Otu0454,Streptococcus
Otu0455,Carnobacteriaceae_unclassified
Otu0456,Rothia
Otu0457,Porphyromonadaceae_unclassified
Otu0458,Actinomyces
Otu0459,Bacteroides
Otu0460,Bacteroides
Otu0461,Dorea
Otu0462,Leptotrichia
Otu0463,Bacilli_unclassified
Otu0464,Leptotrichia
Otu0465,Prevotella
Otu0466,Bacteria_unclassified
Otu0467,Stenotrophomonas
Otu0468,Staphylococcus
Otu0469,Bacteria_unclassified
Otu0470,Rothia
Otu0471,Prevotella
Otu0472,Firmicutes_unclassified
Otu0473,Bacillus
Otu0474,Rothia
Otu0475,Capnocytophaga
Otu0476,Bacillales_unclassified
Otu0477,Bacteroides
Otu0478,Bacillales_unclassified
Otu0479,Lactobacillales_unclassified
Otu0480,Porphyromonadaceae_unclassified
Otu0481,Prevotella
Otu0482,Coriobacteriaceae_unclassified
Otu0483,Gemella
Otu0484,Porphyromonadaceae_unclassified
Otu0485,Exiguobacterium
Otu0486,Veillonella
Otu0487,Veillonella
Otu0488,Actinomycetaceae_unclassified
Otu0489,Gemella
Otu0490,Actinomycetales_unclassified
Otu0491,Actinomyces
Otu0492,Oscillibacter
Otu0493,Actinomyces
Otu0494,Blautia
Otu0495,Mycoplasma
Otu0496,Sutterella
Otu0497,Acinetobacter
Otu0498,Bacilli_unclassified
Otu0499,Veillonellaceae_unclassified
Otu0500,Lactobacillales_unclassified
Otu0501,Streptococcus
Otu0502,Streptococcus
Otu0503,Lactobacillales_unclassified
Otu0504,Mogibacterium
Otu0505,Streptococcus
Otu0506,Streptococcus
Otu0507,Staphylococcus
Otu0508,Fusobacterium
Otu0509,Fusobacterium
Otu0510,Prevotella
Otu0511,Veillonella
Otu0512,Veillonellaceae_unclassified
Otu0513,Actinomyces
Otu0514,Selenomonas
Otu0515,Candidatus_Saccharibacteria_unclassified
Otu0516,Prevotella
Otu0517,Carnobacteriaceae_unclassified
Otu0518,Anaerococcus
Otu0519,Streptococcus
Otu0520,Fusobacterium
Otu0521,Prevotella
Otu0522,Rothia
Otu0523,Streptococcus
Otu0524,Fretibacterium
Otu0525,Gemella
Otu0526,Staphylococcus
Otu0527,Enhydrobacter
Otu0528,Pasteurellaceae_unclassified
Otu0529,Veillonella
Otu0530,Bacillales_unclassified
Otu0531,Capnocytophaga
Otu0532,Lactobacillales_unclassified
Otu0533,Comamonas
Otu0534,Prevotella
Otu0535,Actinomyces
Otu0536,Actinomyces
Otu0537,Phascolarctobacterium
Otu0538,Veillonella
Otu0539,Pseudomonadaceae_unclassified
Otu0540,Actinomyces
Otu0541,Parvimonas
Otu0542,Firmicutes_unclassified
Otu0543,Burkholderiales_unclassified
Otu0544,Ruminococcaceae_unclassified
Otu0545,Veillonella
Otu0546,Actinomyces
Otu0547,Streptococcus
Otu0548,Streptococcus
Otu0549,Veillonella
Otu0550,Pseudomonadaceae_unclassified
Otu0551,Streptococcus
Otu0552,Lautropia
Otu0553,Porphyromonas
Otu0554,Prevotella
Otu0555,Porphyromonadaceae_unclassified
Otu0556,Rothia
Otu0557,Megasphaera
Otu0558,Bacillales_unclassified
Otu0559,Prevotella
Otu0560,Leptotrichia
Otu0561,Streptococcus
Otu0562,Coprococcus
Otu0563,Haemophilus
Otu0564,Rothia
Otu0565,Prevotella
Otu0566,Lachnospiraceae_unclassified
Otu0567,Staphylococcus
Otu0568,Micrococcaceae_unclassified
Otu0569,Lachnospiraceae_unclassified
Otu0570,Leptotrichia
Otu0571,Actinomyces
Otu0572,Coprococcus
Otu0573,Prevotella
Otu0574,Candidatus_Saccharibacteria_unclassified
Otu0575,Alcaligenaceae_unclassified
Otu0576,Leptotrichia
Otu0577,Parasutterella
Otu0578,Brevundimonas
Otu0579,Neisseriaceae_unclassified
Otu0580,Rothia
Otu0581,Capnocytophaga
Otu0582,Prevotella
Otu0583,Prevotella
Otu0584,Bacillales_unclassified
Otu0585,Lactobacillus
Otu0586,Helicobacter
Otu0587,Undibacterium
Otu0588,Fusicatenibacter
Otu0589,Pseudomonadaceae_unclassified
Otu0590,Streptococcus
Otu0591,Veillonellaceae_unclassified
Otu0592,Anaeroplasma
Otu0593,Bacilli_unclassified
Otu0594,Porphyromonadaceae_unclassified
Otu0595,Sutterella
Otu0596,Lactobacillales_unclassified
Otu0597,Streptococcus
Otu0598,Bacilli_unclassified
Otu0599,Staphylococcus
Otu0600,Streptococcus
Otu0601,Leptotrichia
Otu0602,Alistipes
Otu0603,Prevotella
Otu0604,Actinomycetales_unclassified
Otu0605,Gemella
Otu0606,Rothia
Otu0607,Veillonella
Otu0608,Bacteria_unclassified
Otu0609,Bacilli_unclassified
Otu0610,Prevotella
Otu0611,Staphylococcus
Otu0612,Veillonellaceae_unclassified
Otu0613,Bacilli_unclassified
Otu0614,Lactobacillus
Otu0615,Porphyromonadaceae_unclassified
Otu0616,Pseudomonadaceae_unclassified
Otu0617,Streptococcus
Otu0618,Rothia
Otu0619,Pseudomonadaceae_unclassified
Otu0620,Streptococcus
Otu0621,Lactobacillus
Otu0622,Dolosigranulum
Otu0623,Actinomycetales_unclassified
Otu0624,Terrisporobacter
Otu0625,Veillonellaceae_unclassified
Otu0626,Sneathia
Otu0627,Altererythrobacter
Otu0628,Streptococcus
Otu0629,Actinomyces
Otu0630,Prevotella
Otu0631,Micrococcaceae_unclassified
Otu0632,Bacillales_unclassified
Otu0633,Clostridiales_Incertae_Sedis_XIII_unclassified
Otu0634,Actinomyces
Otu0635,Bifidobacteriaceae_unclassified
Otu0636,Leptotrichia
Otu0637,Actinomyces
Otu0638,Streptococcus
Otu0639,Streptococcus
Otu0640,Sphingobacterium
Otu0641,Varibaculum
Otu0642,Veillonella
Otu0643,Veillonella
Otu0644,Bacilli_unclassified
Otu0645,Streptococcus
Otu0646,Prevotella
Otu0647,Pseudomonadaceae_unclassified
Otu0648,Prevotella
Otu0649,Neisseriaceae_unclassified
Otu0650,Bacilli_unclassified
Otu0651,Blautia
Otu0652,Actinomyces
Otu0653,Bacteria_unclassified
Otu0654,Neisseriaceae_unclassified
Otu0655,Erysipelotrichaceae_unclassified
Otu0656,Rothia
Otu0657,Streptococcus
Otu0658,Streptococcus
Otu0659,Ruminococcaceae_unclassified
Otu0660,Ruminococcaceae_unclassified
Otu0661,Rhizobiales_unclassified
Otu0662,Rothia
Otu0663,Proteus
Otu0664,Streptococcus
Otu0665,Lactobacillales_unclassified
Otu0666,Actinomyces
Otu0667,Oscillibacter
Otu0668,Actinomyces
Otu0669,Alloprevotella
Otu0670,Streptococcus
Otu0671,Fusobacterium
Otu0672,Pseudomonadaceae_unclassified
Otu0673,Streptococcus
Otu0674,Micrococcus
Otu0675,Fusobacterium
Otu0676,Clostridium_IV
Otu0677,Veillonella
Otu0678,Prevotella
Otu0679,Prevotella
Otu0680,Pasteurellaceae_unclassified
Otu0681,Veillonella
Otu0682,Rothia
Otu0683,Porphyromonadaceae_unclassified
Otu0684,Actinomyces
Otu0685,Geobacillus
Otu0686,Prevotella
Otu0687,Micrococcaceae_unclassified
Otu0688,Prevotella
Otu0689,Lactobacillales_unclassified
Otu0690,Streptococcus
Otu0691,Pseudomonadaceae_unclassified
Otu0692,Prevotella
Otu0693,Rothia
Otu0694,Streptococcus
Otu0695,Streptococcus
Otu0696,Streptococcus
Otu0697,Actinomycetales_unclassified
Otu0698,Streptococcus
Otu0699,Prevotella
Otu0700,Burkholderiaceae_unclassified
Otu0701,Rothia
Otu0702,Clostridium_XlVa
Otu0703,SR1_unclassified
Otu0704,Veillonella
Otu0705,Actinomyces
Otu0706,Prevotella
Otu0707,Haemophilus
Otu0708,Veillonella
Otu0709,Staphylococcus
Otu0710,Pseudomonas
Otu0711,Bacillales_unclassified
Otu0712,Rothia
Otu0713,Veillonella
Otu0714,Prevotella
Otu0715,Leptotrichia
Otu0716,Bacillales_unclassified
Otu0717,Streptococcus
Otu0718,Pseudomonadaceae_unclassified
Otu0719,Pseudomonadaceae_unclassified
Otu0720,Actinomyces
Otu0721,Turicibacter
Otu0722,Bacillales_unclassified
Otu0723,Prevotella
Otu0724,Streptococcus
Otu0725,Lachnoanaerobaculum
Otu0726,Streptococcus
Otu0727,Streptococcus
Otu0728,Streptococcus
Otu0729,Rothia
Otu0730,Streptococcus
Otu0731,Prevotella
Otu0732,Porphyromonadaceae_unclassified
Otu0733,Actinomycetales_unclassified
Otu0734,Actinomycetales_unclassified
Otu0735,Weissella
Otu0736,Barnesiella
Otu0737,Staphylococcus
Otu0738,Rothia
Otu0739,Carnobacteriaceae_unclassified
Otu0740,Romboutsia
Otu0741,Pseudomonadaceae_unclassified
Otu0742,Burkholderia
Otu0743,Alistipes
Otu0744,Streptococcus
Otu0745,Pseudomonadaceae_unclassified
Otu0746,Rothia
Otu0747,Lactococcus
Otu0748,Actinomyces
Otu0749,Veillonella
Otu0750,Veillonella
Otu0751,Stenotrophomonas
Otu0752,Porphyromonadaceae_unclassified
Otu0753,Leptotrichia
Otu0754,Actinomycetales_unclassified
Otu0755,Bacillales_unclassified
Otu0756,Staphylococcus
Otu0757,Neisseria
Otu0758,Leptotrichia
Otu0759,Staphylococcus
Otu0760,Actinomyces
Otu0761,Ruminococcus2
Otu0762,Leptotrichia
Otu0763,Lachnospiraceae_unclassified
Otu0764,Leptotrichia
Otu0765,Veillonella
Otu0766,Bacilli_unclassified
Otu0767,Neisseria
Otu0768,Oscillibacter
Otu0769,Stenotrophomonas
Otu0770,Streptococcus
Otu0771,Peptoniphilus
Otu0772,Pseudomonadaceae_unclassified
Otu0773,Actinomyces
Otu0774,Streptococcus
Otu0775,Bacilli_unclassified
Otu0776,Leptotrichia
Otu0777,Streptococcus
Otu0778,Stomatobaculum
Otu0779,Anaerococcus
Otu0780,Pasteurellaceae_unclassified
Otu0781,Mycoplasma
Otu0782,Rothia
Otu0783,Stenotrophomonas
Otu0784,Oribacterium
Otu0785,Odoribacter
Otu0786,Prevotella
Otu0787,Deinococcus
Otu0788,Prevotella
Otu0789,Ruminococcaceae_unclassified
Otu0790,Actinomycetales_unclassified
Otu0791,Capnocytophaga
Otu0792,Leptotrichia
Otu0793,Flavonifractor
Otu0794,Rothia
Otu0795,Scardovia
Otu0796,Pseudomonadaceae_unclassified
Otu0797,Streptobacillus
Otu0798,Veillonella
Otu0799,Bacteria_unclassified
Otu0800,Chryseomicrobium
Otu0801,Abiotrophia
Otu0802,Veillonella
Otu0803,Ruminococcaceae_unclassified
Otu0804,Streptococcus
Otu0805,Staphylococcus
Otu0806,Janthinobacterium
Otu0807,Prevotella
Otu0808,Bacteria_unclassified
Otu0809,Bacillales_unclassified
Otu0810,Actinomycetales_unclassified
Otu0811,Prevotella
Otu0812,Staphylococcus
Otu0813,Proteobacteria_unclassified
Otu0814,Ruminococcus
Otu0815,Lactobacillales_unclassified
Otu0816,Veillonella
Otu0817,Streptococcus
Otu0818,Stenotrophomonas
Otu0819,Veillonella
Otu0820,Lactobacillales_unclassified
Otu0821,Bacilli_unclassified
Otu0822,Streptococcus
Otu0823,Pseudomonadaceae_unclassified
Otu0824,Stomatobaculum
Otu0825,Prevotellaceae_unclassified
Otu0826,Oribacterium
Otu0827,Prevotella
Otu0828,Lactobacillus
Otu0829,Lactobacillus
Otu0830,Streptococcus
Otu0831,Bacilli_unclassified
Otu0832,Lactobacillales_unclassified
Otu0833,Ruminococcaceae_unclassified
Otu0834,Pseudomonadaceae_unclassified
Otu0835,Lachnospiraceae_unclassified
Otu0836,Prevotella
Otu0837,Prevotella
Otu0838,Lactobacillales_unclassified
Otu0839,Actinomycetales_unclassified
Otu0840,Megasphaera
Otu0841,Pseudomonas
Otu0842,Streptococcus
Otu0843,Fusobacterium
Otu0844,Prevotella
Otu0845,Bacteria_unclassified
Otu0846,Pseudomonadaceae_unclassified
Otu0847,Cardiobacterium
Otu0848,Streptococcus
Otu0849,Ruminococcaceae_unclassified
Otu0850,Rubrobacter
Otu0851,Actinomyces
Otu0852,Coprococcus
Otu0853,Prevotella
Otu0854,Bifidobacterium
Otu0855,Actinomycetales_unclassified
Otu0856,Veillonella
Otu0857,Bacilli_unclassified
Otu0858,Sphingopyxis
Otu0859,Leptotrichia
Otu0860,Lactobacillales_unclassified
Otu0861,Streptococcus
Otu0862,Alcaligenaceae_unclassified
Otu0863,Leptotrichia
Otu0864,Streptococcus
Otu0865,Corynebacterium
Otu0866,Bacillales_unclassified
Otu0867,Lachnospiraceae_unclassified
Otu0868,Lactobacillales_unclassified
Otu0869,Mobiluncus
Otu0870,Veillonellaceae_unclassified
Otu0871,Kytococcus
Otu0872,Staphylococcus
Otu0873,Bacteria_unclassified
Otu0874,Veillonella
Otu0875,Atopobium
Otu0876,Streptococcus
Otu0877,Lactobacillales_unclassified
Otu0878,Pseudomonadaceae_unclassified
Otu0879,Fusobacterium
Otu0880,Capnocytophaga
Otu0881,Bilophila
Otu0882,Staphylococcus
Otu0883,Prevotella
Otu0884,Streptobacillus
Otu0885,Actinomycetales_unclassified
Otu0886,Lachnospiraceae_unclassified
Otu0887,Porphyromonadaceae_unclassified
Otu0888,Lachnoanaerobaculum
Otu0889,Clostridiales_unclassified
Otu0890,Pseudomonadaceae_unclassified
Otu0891,Lactobacillales_unclassified
Otu0892,Staphylococcus
Otu0893,Alloscardovia
Otu0894,Veillonella
Otu0895,Bacillales_unclassified
Otu0896,Staphylococcaceae_unclassified
Otu0897,Prevotella
Otu0898,Actinomycetales_unclassified
Otu0899,Pseudomonadaceae_unclassified
Otu0900,Prevotella
Otu0901,Prevotella
Otu0902,Staphylococcus
Otu0903,Pseudomonas
Otu0904,Aeromonas
Otu0905,Pseudomonadaceae_unclassified
Otu0906,Lachnospiraceae_unclassified
Otu0907,Bacteria_unclassified
Otu0908,Staphylococcaceae_unclassified
Otu0909,Prevotella
Otu0910,Streptococcus
Otu0911,Lactobacillales_unclassified
Otu0912,Lachnospiraceae_unclassified
Otu0913,Neisseria
Otu0914,Methylobacterium
Otu0915,Veillonella
Otu0916,Fusobacterium
Otu0917,Prevotella
Otu0918,Staphylococcus
Otu0919,Streptococcus
Otu0920,Clostridiales_unclassified
Otu0921,Veillonellaceae_unclassified
Otu0922,Rothia
Otu0923,Bacteria_unclassified
Otu0924,Lactobacillales_unclassified
Otu0925,Peptostreptococcus
Otu0926,Staphylococcus
Otu0927,Carnobacteriaceae_unclassified
Otu0928,Actinomycetales_unclassified
Otu0929,Gemella
Otu0930,Veillonella
Otu0931,Stomatobaculum
Otu0932,Actinomycetales_unclassified
Otu0933,Leptotrichiaceae_unclassified
Otu0934,Pseudomonadaceae_unclassified
Otu0935,Actinomyces
Otu0936,Leptotrichia
Otu0937,Lachnospiraceae_unclassified
Otu0938,Bacillales_unclassified
Otu0939,Bacilli_unclassified
Otu0940,Nocardia
Otu0941,Lachnoanaerobaculum
Otu0942,Alloscardovia
Otu0943,Lactobacillales_unclassified
Otu0944,Leptotrichia
Otu0945,Bacillales_unclassified
Otu0946,Veillonellaceae_unclassified
Otu0947,Bacillales_unclassified
Otu0948,Prevotella
Otu0949,Staphylococcus
Otu0950,Streptococcus
Otu0951,Oribacterium
Otu0952,Haemophilus
Otu0953,Atopobium
Otu0954,Neisseriaceae_unclassified
Otu0955,Alcaligenaceae_unclassified
Otu0956,Actinomycetales_unclassified
Otu0957,Bacilli_unclassified
Otu0958,Capnocytophaga
Otu0959,Clostridiales_unclassified
Otu0960,Stomatobaculum
Otu0961,Bacilli_unclassified
Otu0962,Atopobium
Otu0963,Alcaligenaceae_unclassified
Otu0964,Streptococcus
Otu0965,Pseudomonadaceae_unclassified
Otu0966,Alcaligenaceae_unclassified
Otu0967,Candidatus_Saccharibacteria_unclassified
Otu0968,Actinomycetaceae_unclassified
Otu0969,Actinomyces
Otu0970,Prevotella
Otu0971,Prevotella
Otu0972,Firmicutes_unclassified
Otu0973,Prevotella
Otu0974,Anaerococcus
Otu0975,Bacilli_unclassified
Otu0976,Morococcus
Otu0977,Actinomyces
Otu0978,Staphylococcus
Otu0979,Bacteria_unclassified
Otu0980,Alcaligenaceae_unclassified
Otu0981,Streptococcus
Otu0982,Carnobacteriaceae_unclassified
Otu0983,Bacilli_unclassified
Otu0984,Parvimonas
Otu0985,Candidatus_Saccharibacteria_unclassified
Otu0986,Aeromicrobium
Otu0987,Anoxybacillus
Otu0988,Streptococcus
Otu0989,Pseudomonadaceae_unclassified
Otu0990,Streptococcus
Otu0991,Pseudomonadaceae_unclassified
Otu0992,Streptococcus
Otu0993,Bacilli_unclassified
Otu0994,Lactobacillales_unclassified
Otu0995,Staphylococcus
Otu0996,Bacilli_unclassified
Otu0997,Corynebacteriaceae_unclassified
Otu0998,Actinomycetaceae_unclassified
Otu0999,Streptococcus
Otu1000,Lactobacillales_unclassified
Otu1001,Stenotrophomonas
Otu1002,Veillonella
Otu1003,Streptobacillus
Otu1004,Staphylococcus
Otu1005,Veillonella
Otu1006,Prevotella
Otu1007,Veillonella
Otu1008,Prevotella
Otu1009,Staphylococcus
Otu1010,Bacilli_unclassified
Otu1011,Staphylococcus
Otu1012,Rhizobium
Otu1013,Actinomyces
Otu1014,Actinobacteria_unclassified
Otu1015,Streptococcus
Otu1016,Streptococcus
Otu1017,Prevotella
Otu1018,Streptococcus
Otu1019,Neisseria
Otu1020,Bacteria_unclassified
Otu1021,Prevotella
Otu1022,Bacilli_unclassified
Otu1023,Campylobacter
Otu1024,Pseudomonadaceae_unclassified
Otu1025,Streptococcus
Otu1026,Prevotella
Otu1027,Porphyromonadaceae_unclassified
Otu1028,Actinomycetales_unclassified
Otu1029,Morococcus
Otu1030,Pseudomonadaceae_unclassified
Otu1031,Lactobacillus
Otu1032,Lactobacillales_unclassified
Otu1033,Clostridiales_unclassified
Otu1034,Lachnospiraceae_unclassified
Otu1035,Streptococcus
Otu1036,Prevotella
Otu1037,Streptococcus
Otu1038,Veillonella
Otu1039,Prevotella
Otu1040,Brevibacterium
Otu1041,Streptococcus
Otu1042,Streptococcus
Otu1043,Staphylococcus
Otu1044,Bacillales_unclassified
Otu1045,Oribacterium
Otu1046,Veillonellaceae_unclassified
Otu1047,Faecalibacterium
Otu1048,Streptococcus
Otu1049,Fusobacterium
Otu1050,Lachnospiraceae_unclassified
Otu1051,Enterococcaceae_unclassified
Otu1052,Alloscardovia
Otu1053,Mogibacterium
Otu1054,Actinomycetales_unclassified
Otu1055,Lactobacillales_unclassified
Otu1056,Streptococcus
Otu1057,Veillonellaceae_unclassified
Otu1058,Lactobacillales_unclassified
Otu1059,Clostridium_sensu_stricto
Otu1060,Streptococcus
Otu1061,Treponema
Otu1062,Bacteria_unclassified
Otu1063,Prevotella
Otu1064,Rothia
Otu1065,Brevibacterium
Otu1066,Dorea
Otu1067,Rothia
Otu1068,Faecalicoccus
Otu1069,Brucellaceae_unclassified
Otu1070,Acetobacter
Otu1071,Lactobacillales_unclassified
Otu1072,Lachnospiraceae_unclassified
Otu1073,Lachnospiraceae_unclassified
Otu1074,Clostridiales_unclassified
Otu1075,Bacillales_unclassified
Otu1076,Firmicutes_unclassified
Otu1077,Staphylococcus
Otu1078,Thermus
Otu1079,Lactobacillales_unclassified
Otu1080,Clostridium_XlVa
Otu1081,Bacteria_unclassified
Otu1082,Ruminococcaceae_unclassified
Otu1083,Ruminococcaceae_unclassified
Otu1084,Fusobacterium
Otu1085,Prevotella
Otu1086,Candidatus_Saccharibacteria_unclassified
Otu1087,Scardovia
Otu1088,Streptococcus
Otu1089,Bacteria_unclassified
Otu1090,Lysobacter
Otu1091,Bacilli_unclassified
Otu1092,Lachnospiraceae_unclassified
Otu1093,Lactobacillus
Otu1094,Prevotella
Otu1095,Bacteria_unclassified
Otu1096,Veillonella
Otu1097,Bacilli_unclassified
Otu1098,Rothia
Otu1099,Streptococcus
Otu1100,Burkholderiales_unclassified
Otu1101,Centipeda
Otu1102,Staphylococcus
Otu1103,Actinomyces
Otu1104,Prevotella
Otu1105,Oribacterium
Otu1106,Streptococcus
Otu1107,Blautia
Otu1108,Nitrosomonas
Otu1109,Scardovia
Otu1110,Streptococcus
Otu1111,Stenotrophomonas
Otu1112,Lachnospiraceae_unclassified
Otu1113,Ruminococcaceae_unclassified
Otu1114,Alloprevotella
Otu1115,Streptococcus
Otu1116,Clostridium_IV
Otu1117,Bacilli_unclassified
Otu1118,Bacteroidales_unclassified
Otu1119,Stomatobaculum
Otu1120,Veillonellaceae_unclassified
Otu1121,Prevotella
Otu1122,Clostridiales_unclassified
Otu1123,Burkholderiales_unclassified
Otu1124,Effusibacillus
Otu1125,Sphingobium
Otu1126,Lactobacillales_unclassified
Otu1127,Bacteria_unclassified
Otu1128,Porphyromonas
Otu1129,Streptococcus
Otu1130,Veillonella
Otu1131,Xanthomonadaceae_unclassified
Otu1132,Clostridiales_unclassified
Otu1133,Rudaea
Otu1134,Pseudomonadaceae_unclassified
Otu1135,Actinomyces
Otu1136,Rothia
Otu1137,Streptococcus
Otu1138,Neisseriaceae_unclassified
Otu1139,Blautia
Otu1140,Prevotella
Otu1141,Streptococcus
Otu1142,Veillonella
Otu1143,Streptococcus
Otu1144,Lachnoanaerobaculum
Otu1145,Streptococcus
Otu1146,Peptococcus
Otu1147,Veillonellaceae_unclassified
Otu1148,Bacilli_unclassified
Otu1149,Bacteroidales_unclassified
Otu1150,Prevotella
Otu1151,Paraprevotella
Otu1152,Leptotrichiaceae_unclassified
Otu1153,Pseudomonadaceae_unclassified
Otu1154,Micrococcaceae_unclassified
Otu1155,Streptococcus
Otu1156,Prevotella
Otu1157,Pseudomonadaceae_unclassified
Otu1158,Prevotella
Otu1159,Abiotrophia
Otu1160,Actinomycetales_unclassified
Otu1161,Streptococcus
Otu1162,Veillonellaceae_unclassified
Otu1163,Peptoniphilus
Otu1164,Bacilli_unclassified
Otu1165,Bacilli_unclassified
Otu1166,Armatimonas/Armatimonadetes_gp1
Otu1167,Streptococcus
Otu1168,Actinomycetales_unclassified
Otu1169,Rothia
Otu1170,Actinomyces
Otu1171,Alloprevotella
Otu1172,Moraxella
Otu1173,Moryella
Otu1174,Streptococcus
Otu1175,Prevotella
Otu1176,Sphingomonas
Otu1177,Lachnospiraceae_unclassified
Otu1178,Bacillales_unclassified
Otu1179,Prevotella
Otu1180,Veillonella
Otu1181,Alloprevotella
Otu1182,Gemella
Otu1183,Bacteria_unclassified
Otu1184,Vagococcus
Otu1185,Bacilli_unclassified
Otu1186,Capnocytophaga
Otu1187,Actinotignum
Otu1188,Streptococcus
Otu1189,Lactobacillales_unclassified
Otu1190,Actinomycetales_unclassified
Otu1191,Veillonella
Otu1192,Bacilli_unclassified
Otu1193,Neisseriaceae_unclassified
Otu1194,Ruminococcus2
Otu1195,Stenotrophomonas
Otu1196,Leptotrichia
Otu1197,Pseudomonadaceae_unclassified
Otu1198,Neisseria
Otu1199,Bacteroides
Otu1200,Leptotrichia
Otu1201,Lactobacillales_unclassified
Otu1202,Lactobacillales_unclassified
Otu1203,Lactobacillaceae_unclassified
Otu1204,Streptococcus
Otu1205,Scardovia
Otu1206,Bifidobacteriaceae_unclassified
Otu1207,Leptotrichia
Otu1208,Actinomycetales_unclassified
Otu1209,Actinomycetales_unclassified
Otu1210,Streptococcus
Otu1211,Bacilli_unclassified
Otu1212,Flavobacterium
Otu1213,Bacilli_unclassified
Otu1214,Alloscardovia
Otu1215,Propionispira
Otu1216,Bacteroidales_unclassified
Otu1217,Sphingomonas
Otu1218,Veillonellaceae_unclassified
Otu1219,Stenotrophomonas
Otu1220,Rothia
Otu1221,Actinomyces
Otu1222,Atopobium
Otu1223,Acidobacteria_Gp4_unclassified
Otu1224,Paenibacillus
Otu1225,Peptostreptococcus
Otu1226,Lactobacillales_unclassified
Otu1227,Streptococcus
Otu1228,Veillonella
Otu1229,Prevotella
Otu1230,Streptococcus
Otu1231,Lactobacillales_unclassified
Otu1232,Stomatobaculum
Otu1233,Veillonella
Otu1234,Streptococcus
Otu1235,Prevotella
Otu1236,Prevotella
Otu1237,Actinomycetales_unclassified
Otu1238,Lactobacillus
Otu1239,Porphyromonadaceae_unclassified
Otu1240,Prevotella
Otu1241,Neisseriaceae_unclassified
Otu1242,Veillonella
Otu1243,Streptococcus
Otu1244,Anaerococcus
Otu1245,Actinomyces
Otu1246,Phyllobacterium
Otu1247,Staphylococcus
Otu1248,Streptococcus
Otu1249,Bacillales_unclassified
Otu1250,Tepidimonas
Otu1251,Megasphaera
Otu1252,Staphylococcus
Otu1253,Lactobacillales_unclassified
Otu1254,Actinomyces
Otu1255,Rothia
Otu1256,Streptococcus
Otu1257,Veillonellaceae_unclassified
Otu1258,Leptotrichiaceae_unclassified
Otu1259,Capnocytophaga
Otu1260,Bacilli_unclassified
Otu1261,Capnocytophaga
Otu1262,Streptococcus
Otu1263,Bacteria_unclassified
Otu1264,Actinomyces
Otu1265,Bacillales_unclassified
Otu1266,Porphyromonadaceae_unclassified
Otu1267,Gemella
Otu1268,Porphyromonadaceae_unclassified
Otu1269,Streptococcus
Otu1270,Rothia
Otu1271,Lautropia
Otu1272,Fusobacterium
Otu1273,Streptococcus
Otu1274,Prevotella
Otu1275,Bacillales_unclassified
Otu1276,Streptococcus
Otu1277,Streptococcus
Otu1278,Acidovorax
Otu1279,Bacteria_unclassified
Otu1280,Leptotrichia
Otu1281,Betaproteobacteria_unclassified
Otu1282,Veillonellaceae_unclassified
Otu1283,Pediococcus
Otu1284,Bacteria_unclassified
Otu1285,Enhydrobacter
Otu1286,Stomatobaculum
Otu1287,Prevotella
Otu1288,Morococcus
Otu1289,Leptotrichia
Otu1290,Bacilli_unclassified
Otu1291,Solobacterium
Otu1292,Lactobacillales_unclassified
Otu1293,Prevotella
Otu1294,Pyramidobacter
Otu1295,Bacilli_unclassified
Otu1296,Actinomycetales_unclassified
Otu1297,Ruminococcaceae_unclassified
Otu1298,Streptococcus
Otu1299,Clostridium_IV
Otu1300,Betaproteobacteria_unclassified
Otu1301,Atopobium
Otu1302,Prevotella
Otu1303,Leptotrichia
Otu1304,Staphylococcus
Otu1305,Clostridiales_unclassified
Otu1306,Actinomycetales_unclassified
Otu1307,Paraprevotella
Otu1308,Megamonas
Otu1309,Clostridiales_unclassified
Otu1310,Novosphingobium
Otu1311,Veillonella
Otu1312,Prevotella
Otu1313,Bacilli_unclassified
Otu1314,Parabacteroides
Otu1315,Bacilli_unclassified
Otu1316,Collinsella
Otu1317,Proteobacteria_unclassified
Otu1318,Ruminococcus
Otu1319,Bacilli_unclassified
Otu1320,Bacteria_unclassified
Otu1321,Porphyromonadaceae_unclassified
Otu1322,Lachnospiraceae_unclassified
Otu1323,Lactobacillus
Otu1324,Actinomycetales_unclassified
Otu1325,Lactobacillales_unclassified
Otu1326,Staphylococcaceae_unclassified
Otu1327,Bacteroidetes_unclassified
Otu1328,Lactobacillus
Otu1329,Selenomonas
Otu1330,Dialister
Otu1331,Firmicutes_unclassified
Otu1332,Streptococcus
Otu1333,Bacillales_unclassified
Otu1334,Leptotrichia
Otu1335,Roseburia
Otu1336,Lactobacillales_unclassified
Otu1337,Bacilli_unclassified
Otu1338,Streptococcus
Otu1339,Prevotella
Otu1340,Bdellovibrio
Otu1341,Atopobium
Otu1342,Bacilli_unclassified
Otu1343,Lactobacillales_unclassified
Otu1344,Rothia
Otu1345,Bacteroides
Otu1346,Bacilli_unclassified
Otu1347,Bacilli_unclassified
Otu1348,Bacilli_unclassified
Otu1349,Actinobacteria_unclassified
Otu1350,Prevotella
Otu1351,Catonella
Otu1352,Actinomyces
Otu1353,Lechevalieria
Otu1354,Lachnospiraceae_unclassified
Otu1355,Peptoniphilus
Otu1356,Bacilli_unclassified
Otu1357,Peptostreptococcaceae_unclassified
Otu1358,Actinomycetales_unclassified
Otu1359,Fusobacterium
Otu1360,Rothia
Otu1361,Oribacterium
Otu1362,Veillonellaceae_unclassified
Otu1363,Bacteria_unclassified
Otu1364,Clostridium_XlVa
Otu1365,Ruminococcaceae_unclassified
Otu1366,Ruminococcaceae_unclassified
Otu1367,Ruminococcaceae_unclassified
Otu1368,Ruminococcaceae_unclassified
Otu1369,Burkholderiales_unclassified
Otu1370,Prevotella
Otu1371,Staphylococcus
Otu1372,Streptococcus
Otu1373,Actinomycetales_unclassified
Otu1374,Streptococcus
Otu1375,Hymenobacter
Otu1376,Betaproteobacteria_unclassified
Otu1377,Lachnospiraceae_unclassified
Otu1378,Desulforhopalus
Otu1379,Pasteurellaceae_unclassified
Otu1380,Staphylococcus
Otu1381,Betaproteobacteria_unclassified
Otu1382,Veillonellaceae_unclassified
Otu1383,Firmicutes_unclassified
Otu1384,Actinomyces
Otu1385,Prevotella
Otu1386,Neisseriaceae_unclassified
Otu1387,Alcaligenaceae_unclassified
Otu1388,Bacillaceae_1_unclassified
Otu1389,Bacillales_unclassified
Otu1390,Actinomycetales_unclassified
Otu1391,Alcaligenaceae_unclassified
Otu1392,Rhodoplanes
Otu1393,Bacilli_unclassified
Otu1394,Leptotrichia
Otu1395,Burkholderiaceae_unclassified
Otu1396,Porphyromonadaceae_unclassified
Otu1397,Mycoplasma
Otu1398,Bacillales_unclassified
Otu1399,Prevotella
Otu1400,Prevotella
Otu1401,Lachnospiraceae_unclassified
Otu1402,Azonexus
Otu1403,Lactobacillales_unclassified
Otu1404,Eisenbergiella
Otu1405,Prevotella
Otu1406,Streptococcus
Otu1407,Prevotella
Otu1408,Asaccharobacter
Otu1409,Lactobacillales_unclassified
Otu1410,Ruminococcaceae_unclassified
Otu1411,Parvimonas
Otu1412,Candidatus_Saccharibacteria_unclassified
Otu1413,Bacteria_unclassified
Otu1414,Bacteroides
Otu1415,Dialister
Otu1416,Lachnospiraceae_unclassified
Otu1417,Ruminococcus
Otu1418,Bacilli_unclassified
Otu1419,Bacteria_unclassified
Otu1420,Gp6_unclassified
Otu1421,Alloprevotella
Otu1422,Streptococcus
Otu1423,Bifidobacterium
Otu1424,Bacteroides
Otu1425,Granulicatella
Otu1426,Bacilli_unclassified
Otu1427,Subdoligranulum
Otu1428,Oribacterium
Otu1429,Veillonella
Otu1430,Clostridium_XI
Otu1431,Pseudomonas
Otu1432,Neisseriaceae_unclassified
Otu1433,Parabacteroides
Otu1434,Stomatobaculum
Otu1435,Ruminococcaceae_unclassified
Otu1436,Prevotella
Otu1437,Streptococcus
Otu1438,Veillonella
Otu1439,Prevotella
Otu1440,Prevotella
Otu1441,Prevotella
Otu1442,Streptococcus
Otu1443,Bulleidia
Otu1444,Bacteroides
Otu1445,Streptococcus
Otu1446,Staphylococcus
Otu1447,Bacillales_unclassified
Otu1448,Staphylococcus
Otu1449,Veillonella
Otu1450,Actinomyces
Otu1451,Streptococcus
Otu1452,Prevotella
Otu1453,Prevotella
Otu1454,Fusobacterium
Otu1455,Veillonella
Otu1456,Staphylococcus
Otu1457,Prevotella
Otu1458,Lactobacillales_unclassified
Otu1459,Streptococcus
Otu1460,Staphylococcus
Otu1461,Staphylococcus
Otu1462,Streptococcus
Otu1463,Prevotella
Otu1464,Staphylococcus
Otu1465,Prevotella
Otu1466,Staphylococcaceae_unclassified
Otu1467,Fusobacterium
Otu1468,Veillonella
Otu1469,Streptococcus
Otu1470,Streptococcus
Otu1471,Actinomyces
Otu1472,Streptococcus
Otu1473,Streptococcus
Otu1474,Mogibacterium
Otu1475,Streptococcus
Otu1476,Corynebacterium
Otu1477,Staphylococcus
Otu1478,Veillonella
Otu1479,Mogibacterium
Otu1480,Pasteurellaceae_unclassified
Otu1481,Staphylococcus
Otu1482,Atopobium
Otu1483,Bacillales_unclassified
Otu1484,Streptococcus
Otu1485,Prevotella
Otu1486,Bacilli_unclassified
Otu1487,Abiotrophia
Otu1488,Bacillales_unclassified
Otu1489,Actinomyces
Otu1490,Streptococcus
Otu1491,Staphylococcus
Otu1492,Staphylococcus
Otu1493,Mogibacterium
Otu1494,Streptococcus
Otu1495,Actinomycetales_unclassified
Otu1496,Pseudomonadaceae_unclassified
Otu1497,Pseudomonadaceae_unclassified
Otu1498,Pseudomonadaceae_unclassified
Otu1499,Veillonella
Otu1500,Bacteria_unclassified
Otu1501,Neisseriaceae_unclassified
Otu1502,Atopobium
Otu1503,Streptococcus
Otu1504,Fusobacterium
Otu1505,Actinomycetales_unclassified
Otu1506,Streptococcus
Otu1507,Prevotella
Otu1508,Streptococcus
Otu1509,Streptococcus
Otu1510,Actinomyces
Otu1511,Actinomyces
Otu1512,Streptococcus
Otu1513,Streptococcus
Otu1514,Streptococcus
Otu1515,Veillonella
Otu1516,Megasphaera
Otu1517,Prevotella
Otu1518,Lactobacillales_unclassified
Otu1519,Bacteroides
Otu1520,Streptococcus
Otu1521,Bacilli_unclassified
Otu1522,Pasteurellaceae_unclassified
Otu1523,Leptotrichia
Otu1524,Bacilli_unclassified
Otu1525,Prevotella
Otu1526,Neisseriaceae_unclassified
Otu1527,Staphylococcus
Otu1528,Streptococcus
Otu1529,Staphylococcus
Otu1530,Staphylococcus
Otu1531,Firmicutes_unclassified
Otu1532,Morococcus
Otu1533,Veillonella
Otu1534,Lachnospiraceae_unclassified
Otu1535,Lachnospiraceae_unclassified
Otu1536,Actinomycetales_unclassified
Otu1537,Streptococcus
Otu1538,Actinomycetales_unclassified
Otu1539,Clostridiales_unclassified
Otu1540,Streptococcus
Otu1541,Staphylococcus
Otu1542,Stenotrophomonas
Otu1543,Bacilli_unclassified
Otu1544,Actinomycetales_unclassified
Otu1545,Clostridium_XlVb
Otu1546,Pasteurellaceae_unclassified
Otu1547,Pseudomonadaceae_unclassified
Otu1548,Bacilli_unclassified
Otu1549,Lactobacillales_unclassified
Otu1550,Staphylococcus
Otu1551,Lachnospiraceae_unclassified
Otu1552,Lactobacillales_unclassified
Otu1553,Paracoccus
Otu1554,Actinomyces
Otu1555,Streptococcus
Otu1556,Neisseriaceae_unclassified
Otu1557,Actinomyces
Otu1558,Bacilli_unclassified
Otu1559,Streptococcus
Otu1560,Streptococcus
Otu1561,Veillonella
Otu1562,Stomatobaculum
Otu1563,Lactobacillales_unclassified
Otu1564,Prevotella
Otu1565,Bacilli_unclassified
Otu1566,Streptococcus
Otu1567,Fusobacterium
Otu1568,Lactobacillus
Otu1569,Leptotrichia
Otu1570,Paraprevotella
Otu1571,Streptococcus
Otu1572,Veillonella
Otu1573,Clostridiales_unclassified
Otu1574,Lautropia
Otu1575,Porphyromonadaceae_unclassified
Otu1576,Streptococcus
Otu1577,Veillonella
Otu1578,Lactobacillus
Otu1579,Veillonella
Otu1580,Oribacterium
Otu1581,Prevotella
Otu1582,Staphylococcus
Otu1583,Prevotella
Otu1584,Firmicutes_unclassified
Otu1585,Streptococcus
Otu1586,Pseudomonadaceae_unclassified
Otu1587,Pseudomonadaceae_unclassified
Otu1588,Actinomycetales_unclassified
Otu1589,Staphylococcus
Otu1590,Bacteroides
Otu1591,Porphyromonas
Otu1592,Gammaproteobacteria_unclassified
Otu1593,Actinomyces
Otu1594,Desulfovibrio
Otu1595,Streptococcus
Otu1596,Staphylococcus
Otu1597,Ruminococcus
Otu1598,Solobacterium
Otu1599,Ruminococcaceae_unclassified
Otu1600,Lactococcus
Otu1601,Fusobacterium
Otu1602,Staphylococcus
Otu1603,Streptococcus
Otu1604,Lactobacillales_unclassified
Otu1605,Alloscardovia
Otu1606,Bacteroidales_unclassified
Otu1607,Staphylococcus
Otu1608,Lachnospiraceae_unclassified
Otu1609,Pseudomonas
Otu1610,Collinsella
Otu1611,Actinomycetales_unclassified
Otu1612,Bacilli_unclassified
Otu1613,Rothia
Otu1614,Atopobium
Otu1615,Erysipelotrichaceae_unclassified
Otu1616,Veillonella
Otu1617,Alcaligenaceae_unclassified
Otu1618,Bacteria_unclassified
Otu1619,Bacilli_unclassified
Otu1620,Rothia
Otu1621,Streptococcus
Otu1622,Capnocytophaga
Otu1623,Actinomycetales_unclassified
Otu1624,Staphylococcus
Otu1625,Streptococcus
Otu1626,Proteobacteria_unclassified
Otu1627,Staphylococcus
Otu1628,Prevotella
Otu1629,Prevotella
Otu1630,Ruminococcaceae_unclassified
Otu1631,Staphylococcus
Otu1632,Turneriella
Otu1633,Scardovia
Otu1634,Actinomyces
Otu1635,Streptococcus
Otu1636,Actinomyces
Otu1637,Staphylococcus
Otu1638,Gemella
Otu1639,Bacteria_unclassified
Otu1640,Bacillales_unclassified
Otu1641,Cloacibacillus
Otu1642,Gemella
Otu1643,Catenibacterium
Otu1644,Streptococcus
Otu1645,Staphylococcus
Otu1646,Butyricimonas
Otu1647,Gemella
Otu1648,Rothia
Otu1649,Odoribacter
Otu1650,Acidaminococcaceae_unclassified
Otu1651,Bacilli_unclassified
Otu1652,Veillonella
Otu1653,Streptococcus
Otu1654,Lactobacillales_unclassified
Otu1655,Staphylococcus
Otu1656,Actinomyces
Otu1657,Ruminococcus2
Otu1658,Prevotella
Otu1659,Lactobacillus
Otu1660,Clostridiales_unclassified
Otu1661,Streptococcus
Otu1662,Streptococcus
Otu1663,Clostridium_sensu_stricto
Otu1664,Prevotella
Otu1665,Lachnospiraceae_unclassified
Otu1666,Catonella
Otu1667,Firmicutes_unclassified
Otu1668,Bacilli_unclassified
Otu1669,Megasphaera
Otu1670,Aerococcaceae_unclassified
Otu1671,Gammaproteobacteria_unclassified
Otu1672,Clostridium_XlVb
Otu1673,Scardovia
Otu1674,Streptococcus
Otu1675,Lactobacillales_unclassified
Otu1676,Fusobacterium
Otu1677,Holdemanella
Otu1678,Haemophilus
Otu1679,Streptococcus
Otu1680,Alistipes
Otu1681,Granulicatella
Otu1682,Paenibacillus
Otu1683,Ralstonia
Otu1684,Veillonella
Otu1685,Rothia
Otu1686,Parabacteroides
Otu1687,Lachnoanaerobaculum
Otu1688,Streptococcus
Otu1689,Chiayiivirga
Otu1690,Actinomyces
Otu1691,Veillonellaceae_unclassified
Otu1692,Actinomycetales_unclassified
Otu1693,Streptococcus
Otu1694,Actinomyces
Otu1695,Veillonella
Otu1696,Stomatobaculum
Otu1697,Halomonas
Otu1698,Staphylococcus
Otu1699,Parabacteroides
Otu1700,Streptococcus
Otu1701,Streptococcus
Otu1702,Streptococcus
Otu1703,Bacteria_unclassified
Otu1704,Veillonella
Otu1705,Rothia
Otu1706,Actinomyces
Otu1707,Alistipes
Otu1708,Lachnoanaerobaculum
Otu1709,Bacilli_unclassified
Otu1710,Staphylococcus
Otu1711,Pseudomonadaceae_unclassified
Otu1712,Prevotella
Otu1713,Bacteria_unclassified
Otu1714,Streptococcus
Otu1715,Gemella
Otu1716,Prevotella
Otu1717,Pseudomonadaceae_unclassified
Otu1718,Rhodobacteraceae_unclassified
Otu1719,Prevotella
Otu1720,Lactobacillus
Otu1721,Streptococcus
Otu1722,Lactobacillales_unclassified
Otu1723,Streptococcus
Otu1724,Treponema
Otu1725,Dialister
Otu1726,Johnsonella
Otu1727,Bacillales_unclassified
Otu1728,Streptococcus
Otu1729,Clostridia_unclassified
Otu1730,Tannerella
Otu1731,Streptococcus
Otu1732,Prevotella
Otu1733,Prevotella
Otu1734,Porphyromonadaceae_unclassified
Otu1735,Carnobacteriaceae_unclassified
Otu1736,Bacteria_unclassified
Otu1737,Pasteurellaceae_unclassified
Otu1738,Veillonellaceae_unclassified
Otu1739,Clostridiales_unclassified
Otu1740,Campylobacter
Otu1741,Campylobacter
Otu1742,Streptococcus
Otu1743,Bacteroidetes_unclassified
Otu1744,Coprococcus
Otu1745,Haemophilus
Otu1746,Prevotella
Otu1747,Bacteroides
Otu1748,Veillonella
Otu1749,Bacillales_unclassified
Otu1750,Bacteroides
Otu1751,Lactobacillales_unclassified
Otu1752,Gemella
Otu1753,Prevotella
Otu1754,Pseudomonadaceae_unclassified
Otu1755,Porphyromonadaceae_unclassified
Otu1756,Actinomyces
Otu1757,Pasteurellaceae_unclassified
Otu1758,Lactobacillus
Otu1759,Streptococcus
Otu1760,Leptotrichia
Otu1761,Streptococcus
Otu1762,Haemophilus
Otu1763,Bacilli_unclassified
Otu1764,Olsenella
Otu1765,Veillonella
Otu1766,Streptococcus
Otu1767,Porphyromonadaceae_unclassified
Otu1768,Prevotella
Otu1769,Carnobacteriaceae_unclassified
Otu1770,Prevotella
Otu1771,Pseudomonadaceae_unclassified
Otu1772,Bacilli_unclassified
Otu1773,Rothia
Otu1774,Streptococcus
Otu1775,Streptococcus
Otu1776,Clostridiales_unclassified
Otu1777,Prevotella
Otu1778,Betaproteobacteria_unclassified
Otu1779,Actinomyces
Otu1780,Lactobacillales_unclassified
Otu1781,Lactobacillaceae_unclassified
Otu1782,Fretibacterium
Otu1783,Rothia
Otu1784,Prevotella
Otu1785,Micrococcaceae_unclassified
Otu1786,Bacillales_unclassified
Otu1787,Porphyromonadaceae_unclassified
Otu1788,Cardiobacterium
Otu1789,Rothia
Otu1790,Bacilli_unclassified
Otu1791,Prevotella
Otu1792,Lactobacillus
Otu1793,Staphylococcus
Otu1794,Streptococcus
Otu1795,Oribacterium
Otu1796,Gemella
Otu1797,Bacilli_unclassified
Otu1798,Rothia
Otu1799,Catonella
Otu1800,Streptococcus
Otu1801,Streptococcus
Otu1802,Streptococcus
Otu1803,Alloscardovia
Otu1804,Streptococcus
Otu1805,Lactobacillus
Otu1806,Staphylococcus
Otu1807,Rothia
Otu1808,Actinomycetales_unclassified
Otu1809,Streptococcus
Otu1810,Clostridiales_unclassified
Otu1811,Carnobacteriaceae_unclassified
Otu1812,Abiotrophia
Otu1813,Streptococcus
Otu1814,Bacteria_unclassified
Otu1815,Actinomyces
Otu1816,Acidaminococcus
Otu1817,Lachnospiraceae_unclassified
Otu1818,Pseudomonadaceae_unclassified
Otu1819,Actinomyces
Otu1820,Bacilli_unclassified
Otu1821,Treponema
Otu1822,Streptococcus
Otu1823,Haemophilus
Otu1824,Veillonella
Otu1825,Pseudonocardia
Otu1826,Pseudomonadaceae_unclassified
Otu1827,Fusobacterium
Otu1828,Ezakiella
Otu1829,Actinomyces
Otu1830,Actinomyces
Otu1831,Clostridium_XVIII
Otu1832,Gammaproteobacteria_unclassified
Otu1833,Staphylococcus
Otu1834,Prevotella
Otu1835,Bacilli_unclassified
Otu1836,Veillonella
Otu1837,Haemophilus
Otu1838,Prevotella
Otu1839,Haemophilus
Otu1840,Prevotella
Otu1841,Streptococcus
Otu1842,Bacteria_unclassified
Otu1843,Streptococcus
Otu1844,Lactobacillaceae_unclassified
Otu1845,Veillonella
Otu1846,Veillonella
Otu1847,Stenotrophomonas
Otu1848,Oribacterium
Otu1849,Veillonella
Otu1850,Acinetobacter
Otu1851,Lactobacillus
Otu1852,Capnocytophaga
Otu1853,Atopobium
Otu1854,Prevotella
Otu1855,Bacilli_unclassified
Otu1856,Staphylococcus
Otu1857,Bacilli_unclassified
Otu1858,Prevotella
Otu1859,Streptococcus
Otu1860,Porphyromonas
Otu1861,Clostridiales_unclassified
Otu1862,Streptococcus
Otu1863,Actinomycetales_unclassified
Otu1864,Streptococcus
Otu1865,Veillonella
Otu1866,Bacilli_unclassified
Otu1867,Veillonella
Otu1868,Bacilli_unclassified
Otu1869,Actinomycetales_unclassified
Otu1870,Prevotella
Otu1871,Lactobacillales_unclassified
Otu1872,Streptococcus
Otu1873,Betaproteobacteria_unclassified
Otu1874,Bacilli_unclassified
Otu1875,Bacillales_unclassified
Otu1876,Rhizobiales_unclassified
Otu1877,Actinomycetaceae_unclassified
Otu1878,Coprobacillus
Otu1879,Capnocytophaga
Otu1880,Streptococcus
Otu1881,Staphylococcus
Otu1882,Betaproteobacteria_unclassified
Otu1883,Staphylococcus
Otu1884,Pasteurellaceae_unclassified
Otu1885,Leptotrichia
Otu1886,Streptococcus
Otu1887,Lactobacillales_unclassified
Otu1888,Veillonella
Otu1889,Porphyromonadaceae_unclassified
Otu1890,Streptococcus
Otu1891,Bacilli_unclassified
Otu1892,Prevotella
Otu1893,Pasteurellaceae_unclassified
Otu1894,Pseudomonadaceae_unclassified
Otu1895,Streptococcus
Otu1896,Streptococcus
Otu1897,Prevotella
Otu1898,Actinomyces
Otu1899,Pseudomonadaceae_unclassified
Otu1900,Carnobacteriaceae_unclassified
Otu1901,Actinomycetales_unclassified
Otu1902,Oribacterium
Otu1903,Actinomyces
Otu1904,Streptococcus
Otu1905,Hyphomicrobium
Otu1906,Streptococcus
Otu1907,Prevotella
Otu1908,Firmicutes_unclassified
Otu1909,Stenotrophomonas
Otu1910,Streptococcus
Otu1911,Bacteria_unclassified
Otu1912,Atopobium
Otu1913,Streptococcus
Otu1914,Prevotella
Otu1915,Streptococcus
Otu1916,Veillonella
Otu1917,Streptococcus
Otu1918,Lactobacillaceae_unclassified
Otu1919,Streptococcus
Otu1920,Pseudomonadaceae_unclassified
Otu1921,Bacilli_unclassified
Otu1922,Prevotella
Otu1923,Lactobacillales_unclassified
Otu1924,Veillonella
Otu1925,Scardovia
Otu1926,Streptococcus
Otu1927,Rothia
Otu1928,Leptotrichia
Otu1929,Actinomycetaceae_unclassified
Otu1930,Porphyromonadaceae_unclassified
Otu1931,Staphylococcus
Otu1932,Haemophilus
Otu1933,Lachnospiraceae_unclassified
Otu1934,Veillonella
Otu1935,Mycoplasma
Otu1936,Collinsella
Otu1937,Pasteurellaceae_unclassified
Otu1938,Lachnospiraceae_unclassified
Otu1939,Ruminococcaceae_unclassified
Otu1940,Prevotella
Otu1941,Bacilli_unclassified
Otu1942,Clostridium_XlVa
Otu1943,Streptococcus
Otu1944,Clostridiales_unclassified
Otu1945,Porphyromonadaceae_unclassified
Otu1946,Bacteria_unclassified
Otu1947,Veillonella
Otu1948,Ruminococcaceae_unclassified
Otu1949,Pseudomonadaceae_unclassified
Otu1950,Ruminococcaceae_unclassified
Otu1951,Megasphaera
Otu1952,Ruminococcaceae_unclassified
Otu1953,Stenotrophomonas
Otu1954,Staphylococcus
Otu1955,Veillonella
Otu1956,Actinomyces
Otu1957,Xanthomonadaceae_unclassified
Otu1958,Clostridiales_unclassified
Otu1959,Erysipelotrichaceae_unclassified
Otu1960,Chlamydia
Otu1961,Streptococcus
Otu1962,Turicella
Otu1963,Streptococcus
Otu1964,Streptococcus
Otu1965,Ruminococcaceae_unclassified
Otu1966,Dyella
Otu1967,Veillonella
Otu1968,Ruminococcaceae_unclassified
Otu1969,Alcaligenaceae_unclassified
Otu1970,Streptococcus
Otu1971,Prevotella
Otu1972,Stomatobaculum
Otu1973,Clostridium_XlVb
Otu1974,Staphylococcus
Otu1975,Fretibacterium
Otu1976,Staphylococcus
Otu1977,Pseudomonadaceae_unclassified
Otu1978,Ruminococcaceae_unclassified
Otu1979,Actinomycetales_unclassified
Otu1980,Prevotella
Otu1981,Actinomyces
Otu1982,Haemophilus
Otu1983,Lachnospiraceae_unclassified
Otu1984,Porphyromonadaceae_unclassified
Otu1985,Paenibacillus
Otu1986,Lactobacillales_unclassified
Otu1987,Rothia
Otu1988,Leptotrichia
Otu1989,Bacteria_unclassified
Otu1990,Oribacterium
Otu1991,Pseudomonadaceae_unclassified
Otu1992,Dialister
Otu1993,Lactobacillales_unclassified
Otu1994,Pasteurellaceae_unclassified
Otu1995,Staphylococcus
Otu1996,Canibacter
Otu1997,Porphyromonadaceae_unclassified
Otu1998,Prevotella
Otu1999,Micrococcaceae_unclassified
Otu2000,Lachnospiraceae_unclassified
Otu2001,Lachnospiraceae_unclassified
Otu2002,Terrimonas
Otu2003,Streptococcus
Otu2004,Leptotrichia
Otu2005,Streptococcus
Otu2006,Neisseria
Otu2007,Lachnospiraceae_unclassified
Otu2008,Bacteria_unclassified
Otu2009,Bacteroidales_unclassified
Otu2010,Firmicutes_unclassified
Otu2011,Streptococcus
Otu2012,Lachnoanaerobaculum
Otu2013,Actinomycetales_unclassified
Otu2014,Veillonellaceae_unclassified
Otu2015,Fluviicola
Otu2016,Spartobacteria_unclassified
Otu2017,Odoribacter
Otu2018,Pseudonocardia
Otu2019,Bacteria_unclassified
Otu2020,Planctomycetaceae_unclassified
Otu2021,Bacilli_unclassified
Otu2022,Pasteurellaceae_unclassified
Otu2023,Prevotella
Otu2024,Prevotella
Otu2025,Streptococcus
Otu2026,Capnocytophaga
Otu2027,Verrucomicrobia_unclassified
Otu2028,Ruminococcus
Otu2029,Intrasporangiaceae_unclassified
Otu2030,Lachnospiraceae_unclassified
Otu2031,Bacteroidales_unclassified
Otu2032,Streptococcus
Otu2033,Firmicutes_unclassified
Otu2034,Actinomycetales_unclassified
Otu2035,Eubacterium
Otu2036,Rothia
Otu2037,Fusobacterium
Otu2038,Carnobacteriaceae_unclassified
Otu2039,Salinisphaera
Otu2040,Actinomycetales_unclassified
Otu2041,Stenotrophomonas
Otu2042,Prevotella
Otu2043,Porphyromonadaceae_unclassified
Otu2044,Streptococcus
Otu2045,Pseudomonadaceae_unclassified
Otu2046,Proteobacteria_unclassified
Otu2047,Bacteria_unclassified
Otu2048,Bacteria_unclassified
Otu2049,Rothia
Otu2050,Veillonella
Otu2051,Streptococcus
Otu2052,Prevotella
Otu2053,Rothia
Otu2054,Cupriavidus
Otu2055,Prevotella
Otu2056,Staphylococcus
Otu2057,Bacilli_unclassified
Otu2058,Veillonella
Otu2059,Actinomyces
Otu2060,Porphyromonas
Otu2061,Lactobacillales_unclassified
Otu2062,Prevotella
Otu2063,Streptococcus
Otu2064,Prevotella
Otu2065,Veillonella
Otu2066,Rothia
Otu2067,Actinomyces
Otu2068,Leptotrichia
Otu2069,Scardovia
Otu2070,Granulicatella
Otu2071,Prevotella
Otu2072,Staphylococcus
Otu2073,Streptococcus
Otu2074,Prevotella
Otu2075,Streptococcus
Otu2076,Lautropia
Otu2077,Streptococcus
Otu2078,Veillonellaceae_unclassified
Otu2079,Prevotella
Otu2080,Staphylococcus
Otu2081,Flavobacteriaceae_unclassified
Otu2082,Bacilli_unclassified
Otu2083,Bifidobacterium
Otu2084,Lactobacillales_unclassified
Otu2085,Actinomycetales_unclassified
Otu2086,Streptococcus
Otu2087,Pasteurellaceae_unclassified
Otu2088,Streptococcus
Otu2089,Streptococcus
Otu2090,Gemella
Otu2091,Gemella
Otu2092,Staphylococcus
Otu2093,Bacilli_unclassified
Otu2094,Actinomyces
Otu2095,Prevotella
Otu2096,Lachnoanaerobaculum
Otu2097,Streptococcus
Otu2098,Veillonellaceae_unclassified
Otu2099,Oribacterium
Otu2100,Gemella
Otu2101,Stenotrophomonas
Otu2102,Pseudomonas
Otu2103,Streptococcus
Otu2104,Streptococcus
Otu2105,Gemella
Otu2106,Alistipes
Otu2107,Lactobacillales_unclassified
Otu2108,Pseudomonadaceae_unclassified
Otu2109,Rothia
Otu2110,Streptococcus
Otu2111,Streptococcus
Otu2112,Pseudomonadaceae_unclassified
Otu2113,Lactobacillus
Otu2114,Corynebacteriaceae_unclassified
Otu2115,Pseudomonadaceae_unclassified
Otu2116,Actinomyces
Otu2117,Veillonella
Otu2118,Bacteria_unclassified
Otu2119,Streptococcus
Otu2120,Pseudomonadaceae_unclassified
Otu2121,Treponema
Otu2122,Bacilli_unclassified
Otu2123,Pseudomonadaceae_unclassified
Otu2124,Akkermansia
Otu2125,Firmicutes_unclassified
Otu2126,Lactobacillus
Otu2127,Rothia
Otu2128,Firmicutes_unclassified
Otu2129,Veillonellaceae_unclassified
Otu2130,Bacteroidetes_unclassified
Otu2131,Porphyromonadaceae_unclassified
Otu2132,Bacilli_unclassified
Otu2133,Staphylococcaceae_unclassified
Otu2134,Rhodococcus
Otu2135,Bacillales_unclassified
Otu2136,Shuttleworthia
Otu2137,Streptococcus
Otu2138,Lachnospiraceae_unclassified
Otu2139,Lactobacillus
Otu2140,Porphyromonadaceae_unclassified
Otu2141,Pasteurellaceae_unclassified
Otu2142,Prevotella
Otu2143,Pseudomonadaceae_unclassified
Otu2144,Lactobacillus
Otu2145,Ruminococcaceae_unclassified
Otu2146,Pseudomonadaceae_unclassified
Otu2147,Brachymonas
Otu2148,Eubacterium
Otu2149,Veillonella
Otu2150,Lachnoanaerobaculum
Otu2151,Veillonellaceae_unclassified
Otu2152,Veillonellaceae_unclassified
Otu2153,Staphylococcus
Otu2154,Bacteria_unclassified
Otu2155,Bacilli_unclassified
Otu2156,Staphylococcus
Otu2157,Bacilli_unclassified
Otu2158,Staphylococcaceae_unclassified
Otu2159,Streptococcus
Otu2160,Firmicutes_unclassified
Otu2161,Streptococcus
Otu2162,Streptococcus
Otu2163,Rothia
Otu2164,Bacilli_unclassified
Otu2165,Veillonella
Otu2166,Bacillales_unclassified
Otu2167,Actinobacteria_unclassified
Otu2168,Candidatus_Saccharibacteria_unclassified
Otu2169,Bacilli_unclassified
Otu2170,Veillonella
Otu2171,Rhizobiales_unclassified
Otu2172,Streptococcus
Otu2173,Streptococcus
Otu2174,Streptococcus
Otu2175,Prevotella
Otu2176,Actinomycetales_unclassified
Otu2177,Aquisphaera
Otu2178,Clostridium_XI
Otu2179,Bacillales_unclassified
Otu2180,Capnocytophaga
Otu2181,Pseudoalteromonas
Otu2182,Granulicatella
Otu2183,Prevotella
Otu2184,Burkholderiales_unclassified
Otu2185,Wolinella
Otu2186,Bacteria_unclassified
Otu2187,Fretibacterium
Otu2188,Abiotrophia
Otu2189,Flavobacteriaceae_unclassified
Otu2190,Rothia
Otu2191,Staphylococcaceae_unclassified
Otu2192,Streptococcus
Otu2193,Mogibacterium
Otu2194,Actinomycetales_unclassified
Otu2195,Treponema
Otu2196,Bifidobacterium
Otu2197,Actinomyces
Otu2198,Lactobacillus
Otu2199,Bacteria_unclassified
Otu2200,Streptococcus
Otu2201,Streptococcus
Otu2202,Scardovia
Otu2203,Streptococcus
Otu2204,Staphylococcus
Otu2205,Streptococcus
Otu2206,Achromobacter
Otu2207,Bacilli_unclassified
Otu2208,Pseudomonadaceae_unclassified
Otu2209,Bacteria_unclassified
Otu2210,Pseudomonadaceae_unclassified
Otu2211,Porphyromonadaceae_unclassified
Otu2212,Prevotella
Otu2213,Actinomyces
Otu2214,Gemella
Otu2215,Parvimonas
Otu2216,Lactobacillales_unclassified
Otu2217,Acinetobacter
Otu2218,Staphylococcus
Otu2219,Actinomycetales_unclassified
Otu2220,Pseudomonadaceae_unclassified
Otu2221,Lactobacillus
Otu2222,Lactobacillales_unclassified
Otu2223,Prevotella
Otu2224,Prevotella
Otu2225,Lactobacillales_unclassified
Otu2226,Veillonella
Otu2227,Porphyromonadaceae_unclassified
Otu2228,Rothia
Otu2229,Actinomycetales_unclassified
Otu2230,Gemella
Otu2231,Actinomyces
Otu2232,Bacteria_unclassified
Otu2233,Cellulomonas
Otu2234,Rothia
Otu2235,Actinomycetales_unclassified
Otu2236,Prevotella
Otu2237,Pasteurellaceae_unclassified
Otu2238,Rothia
Otu2239,Roseomonas
Otu2240,Veillonella
Otu2241,Streptococcus
Otu2242,Alloprevotella
Otu2243,Aneurinibacillus
Otu2244,Bacteroidales_unclassified
Otu2245,Parvimonas
Otu2246,Pseudomonas
Otu2247,Pseudomonadaceae_unclassified
Otu2248,Streptococcus
Otu2249,Bacilli_unclassified
Otu2250,Ruminococcaceae_unclassified
Otu2251,Lactobacillus
Otu2252,Stenotrophomonas
Otu2253,Actinomycetales_unclassified
Otu2254,Prevotella
Otu2255,Streptococcus
Otu2256,Pseudomonadaceae_unclassified
Otu2257,Parvimonas
Otu2258,Bacteroidetes_unclassified
Otu2259,Prevotella
Otu2260,Bacteria_unclassified
Otu2261,Xanthomonadaceae_unclassified
Otu2262,Streptococcus
Otu2263,Rothia
Otu2264,Lactobacillales_unclassified
Otu2265,Prevotella
Otu2266,Pseudomonadaceae_unclassified
Otu2267,Prevotella
Otu2268,Lactobacillales_unclassified
Otu2269,Actinomyces
Otu2270,Pseudomonas
Otu2271,Prevotella
Otu2272,Actinomycetales_unclassified
Otu2273,Actinomycetales_unclassified
Otu2274,Rothia
Otu2275,Corynebacterium
Otu2276,Prevotella
Otu2277,Prevotella
Otu2278,Bacilli_unclassified
Otu2279,Staphylococcus
Otu2280,Bacilli_unclassified
Otu2281,Lactobacillales_unclassified
Otu2282,Pasteurellaceae_unclassified
Otu2283,Prevotella
Otu2284,Streptococcus
Otu2285,Selenomonas
Otu2286,Bacteria_unclassified
Otu2287,Streptococcus
Otu2288,Actinomycetales_unclassified
Otu2289,Campylobacter
Otu2290,Rothia
Otu2291,Lactobacillales_unclassified
Otu2292,Veillonellaceae_unclassified
Otu2293,Lactobacillales_unclassified
Otu2294,Neisseriaceae_unclassified
Otu2295,Lactobacillales_unclassified
Otu2296,Veillonellaceae_unclassified
Otu2297,Blautia
Otu2298,Bacilli_unclassified
Otu2299,Bacillales_unclassified
Otu2300,Actinomyces
Otu2301,Streptococcus
Otu2302,Streptococcus
Otu2303,Actinomyces
Otu2304,Bacteria_unclassified
Otu2305,Veillonella
Otu2306,Leptotrichia
Otu2307,Veillonellaceae_unclassified
Otu2308,Scardovia
Otu2309,Veillonellaceae_unclassified
Otu2310,Prevotella
Otu2311,Streptococcus
Otu2312,Pseudomonadaceae_unclassified
Otu2313,Bacilli_unclassified
Otu2314,Streptococcus
Otu2315,Lactobacillales_unclassified
Otu2316,Hymenobacter
Otu2317,Bacilli_unclassified
Otu2318,Pseudomonadaceae_unclassified
Otu2319,Streptococcus
Otu2320,Atopobium
Otu2321,Rothia
Otu2322,Lactobacillales_unclassified
Otu2323,Stenotrophomonas
Otu2324,Porphyromonadaceae_unclassified
Otu2325,Bacteria_unclassified
Otu2326,Staphylococcus
Otu2327,Firmicutes_unclassified
Otu2328,Actinomyces
Otu2329,Actinomycetales_unclassified
Otu2330,Leptotrichia
Otu2331,Spartobacteria_unclassified
Otu2332,Rhodobacteraceae_unclassified
Otu2333,Coriobacteriaceae_unclassified
Otu2334,Streptococcus
Otu2335,Prevotella
Otu2336,Bacilli_unclassified
Otu2337,Planctomycetaceae_unclassified
Otu2338,Streptococcus
Otu2339,Comamonadaceae_unclassified
Otu2340,Pseudomonadaceae_unclassified
Otu2341,Prevotella
Otu2342,Streptococcus
Otu2343,Staphylococcus
Otu2344,Actinobacteria_unclassified
Otu2345,Streptococcus
Otu2346,Firmicutes_unclassified
Otu2347,Mogibacterium
Otu2348,Bacilli_unclassified
Otu2349,Lactobacillales_unclassified
Otu2350,Akkermansia
Otu2351,Staphylococcus
Otu2352,Pseudomonadaceae_unclassified
Otu2353,Prevotella
Otu2354,Peptostreptococcus
Otu2355,Rothia
Otu2356,Veillonella
Otu2357,Prevotella
Otu2358,Prevotella
Otu2359,Gammaproteobacteria_unclassified
Otu2360,Lachnospiraceae_unclassified
Otu2361,Veillonella
Otu2362,Prevotella
Otu2363,Veillonella
Otu2364,Atopobium
Otu2365,Veillonellaceae_unclassified
Otu2366,Streptococcus
Otu2367,Lachnospiraceae_unclassified
Otu2368,Gemella
Otu2369,Actinomycetales_unclassified
Otu2370,Neisseriaceae_unclassified
Otu2371,Porphyromonadaceae_unclassified
Otu2372,Prevotella
Otu2373,Betaproteobacteria_unclassified
Otu2374,Streptococcus
Otu2375,Actinomyces
Otu2376,Pseudomonadaceae_unclassified
Otu2377,Veillonella
Otu2378,Achromobacter
Otu2379,Fusobacterium
Otu2380,Streptococcus
Otu2381,Mogibacterium
Otu2382,Bacilli_unclassified
Otu2383,Pasteurellaceae_unclassified
Otu2384,Actinomycetales_unclassified
Otu2385,Capnocytophaga
Otu2386,Prevotella
Otu2387,Streptococcus
Otu2388,Lautropia
Otu2389,Veillonella
Otu2390,Bacillales_unclassified
Otu2391,Prevotella
Otu2392,Achromobacter
Otu2393,Sporosarcina
Otu2394,Prevotella
Otu2395,Streptococcus
Otu2396,Bacilli_unclassified
Otu2397,Veillonella
Otu2398,Staphylococcus
Otu2399,Streptococcus
Otu2400,Lactobacillales_unclassified
Otu2401,Veillonella
Otu2402,Veillonellaceae_unclassified
Otu2403,Capnocytophaga
Otu2404,Streptococcus
Otu2405,Leptotrichia
Otu2406,Streptococcus
Otu2407,Pseudomonadaceae_unclassified
Genus001,Streptococcus
Genus002,Staphylococcus
Genus003,Prevotella
Genus004,Veillonella
Genus005,Pseudomonadaceae_unclassified
Genus006,Rothia
Genus007,Actinomyces
Genus008,Pseudomonas
Genus009,Bacillales_unclassified
Genus010,Haemophilus
Genus011,Bacilli_unclassified
Genus012,Enterobacteriaceae_unclassified
Genus013,Lactobacillales_unclassified
Genus014,Porphyromonadaceae_unclassified
Genus015,Fusobacterium
Genus016,Neisseria
Genus017,Lactobacillus
Genus018,Stenotrophomonas
Genus019,Bacteroides
Genus020,Leptotrichia
Genus021,Pasteurellaceae_unclassified
Genus022,Alcaligenaceae_unclassified
Genus023,Gemella
Genus024,Escherichia/Shigella
Genus025,Capnocytophaga
Genus026,Listeria
Genus027,Actinomycetales_unclassified
Genus028,Atopobium
Genus029,Achromobacter
Genus030,Oribacterium
Genus031,Bacteroidales_unclassified
Genus032,Neisseriaceae_unclassified
Genus033,Granulicatella
Genus034,Campylobacter
Genus035,Lachnospiraceae_unclassified
Genus036,Lachnoanaerobaculum
Genus037,Stomatobaculum
Genus038,Veillonellaceae_unclassified
Genus039,Akkermansia
Genus040,Alloprevotella
Genus041,Scardovia
Genus042,Bifidobacterium
Genus043,Bacteria_unclassified
Genus044,Carnobacteriaceae_unclassified
Genus045,Staphylococcaceae_unclassified
Genus046,Porphyromonas
Genus047,Lautropia
Genus048,Enterococcaceae_unclassified
Genus049,Ralstonia
Genus050,Burkholderia
Genus051,Streptophyta_unclassified
Genus052,Selenomonas
Genus053,Abiotrophia
Genus054,Flavobacteriaceae_unclassified
Genus055,Catonella
Genus056,Enterococcus
Genus057,Mogibacterium
Genus058,Candidatus_Saccharibacteria_unclassified
Genus059,Helicobacter
Genus060,Clostridiales_unclassified
Genus061,Oscillibacter
Genus062,Leptotrichiaceae_unclassified
Genus063,Deinococcus
Genus064,Treponema
Genus065,Parvimonas
Genus066,Megasphaera
Genus067,Firmicutes_unclassified
Genus068,Peptostreptococcaceae_unclassified
Genus069,Ruminococcaceae_unclassified
Genus070,Peptostreptococcus
Genus071,Acinetobacter
Genus072,Clostridium_sensu_stricto
Genus073,Anaeroplasma
Genus074,Corynebacterium
Genus075,Dialister
Genus076,Nocardia
Genus077,Mycoplasma
Genus078,Alloscardovia
Genus079,Parabacteroides
Genus080,Tannerella
Genus081,Bacteroidetes_unclassified
Genus082,Comamonadaceae_unclassified
Genus083,Salmonella
Genus084,Shuttleworthia
Genus085,Actinomycetaceae_unclassified
Genus086,Alistipes
Genus087,Bacillus
Genus088,Clostridium_XlVa
Genus089,Kingella
Genus090,Burkholderiales_unclassified
Genus091,Solobacterium
Genus092,Prevotellaceae_unclassified
Genus093,Blautia
Genus094,Bradyrhizobiaceae_unclassified
Genus095,Micrococcaceae_unclassified
Genus096,Fretibacterium
Genus097,Phyllobacterium
Genus098,Eubacterium
Genus099,Lactobacillaceae_unclassified
Genus100,Faecalibacterium
Genus101,Bulleidia
Genus102,Methylobacterium
Genus103,Betaproteobacteria_unclassified
Genus104,Planctomycetaceae_unclassified
Genus105,Proteobacteria_unclassified
Genus106,Bacillaceae_1_unclassified
Genus107,Lactococcus
Genus108,Olsenella
Genus109,Bifidobacteriaceae_unclassified
Genus110,Roseburia
Genus111,Sphingomonas
Genus112,Sutterella
Genus113,Cardiobacterium
Genus114,Aeromonas
Genus115,Morococcus
Genus116,Phascolarctobacterium
Genus117,Rhodobacter
Genus118,Peptoniphilus
Genus119,Eikenella
Genus120,SR1_unclassified
Genus121,Pelomonas
Genus122,Planococcaceae_unclassified
Genus123,Coprococcus
Genus124,Rhodobacteraceae_unclassified
Genus125,Burkholderiaceae_unclassified
Genus126,Anaerococcus
Genus127,Gammaproteobacteria_unclassified
Genus128,Collinsella
Genus129,Barnesiella
Genus130,Leuconostoc
Genus131,Pandoraea
Genus132,Ruminococcus
Genus133,Slackia
Genus134,Bacillariophyta_unclassified
Genus135,Carboxylicivirga
Genus136,Streptobacillus
Genus137,Ruminococcus2
Genus138,Erysipelotrichaceae_unclassified
Genus139,Mycobacterium
Genus140,Methanobrevibacter
Genus141,Anaerostipes
Genus142,Geobacillus
Genus143,Turicibacter
Genus144,Coriobacteriaceae_unclassified
Genus145,Eggerthia
Genus146,Odoribacter
Genus147,Dorea
Genus148,Actinobacteria_unclassified
Genus149,Clostridium_IV
Genus150,Empedobacter
Genus151,Finegoldia
Genus152,Enhydrobacter
Genus153,Brevundimonas
Genus154,Proteus
Genus155,Anaeroglobus
Genus156,Varibaculum
Genus157,Salinicoccus
Genus158,Paraprevotella
Genus159,Comamonas
Genus160,Thermus
Genus161,Filifactor
Genus162,Schwartzia
Genus163,Bordetella
Genus164,Flammeovirgaceae_unclassified
Genus165,Clostridium_XI
Genus166,GpIIa_unclassified
Genus167,Sediminibacterium
Genus168,Cytophagales_unclassified
Genus169,Paenibacillus
Genus170,Clostridium_XlVb
Genus171,Phyllobacteriaceae_unclassified
Genus172,unknown_unclassified
Genus173,Vagococcus
Genus174,Corynebacteriaceae_unclassified
Genus175,Rhizobiales_unclassified
Genus176,Butyricicoccus
Genus177,Parasutterella
Genus178,Sneathia
Genus179,Acidaminococcus
Genus180,Terrisporobacter
Genus181,Kytococcus
Genus182,Brevibacterium
Genus183,Xanthomonadaceae_unclassified
Genus184,Fusicatenibacter
Genus185,Gardnerella
Genus186,Chryseobacterium
Genus187,Gallibacterium
Genus188,Anoxybacillus
Genus189,Dolosigranulum
Genus190,Moraxella
Genus191,Hymenobacter
Genus192,Romboutsia
Genus193,Butyricimonas
Genus194,Aquabacterium
Genus195,Clostridia_unclassified
Genus196,Yersinia
Genus197,Pseudonocardia
Genus198,Micrococcus
Genus199,Weissella
Genus200,Flavonifractor
Genus201,Massilia
Genus202,Spartobacteria_unclassified
Genus203,Bacillaceae_2_unclassified
Genus204,Chloroplast_unclassified
Genus205,Cryptomonadaceae_unclassified
Genus206,GpXI_unclassified
Genus207,Clostridiales_Incertae_Sedis_XIII_unclassified
Genus208,Flavobacterium
Genus209,Alphaproteobacteria_unclassified
Genus210,Bilophila
Genus211,Aeromicrobium
Genus212,Clostridiaceae_1_unclassified
Genus213,Aerococcaceae_unclassified
Genus214,GpIX_unclassified
Genus215,Propionibacterium
Genus216,Subdoligranulum
Genus217,Cryptobacterium
Genus218,Rubrobacter
Genus219,Brucellaceae_unclassified
Genus220,Megamonas
Genus221,Novosphingobium
Genus222,Acidobacteria_Gp4_unclassified
Genus223,Janthinobacterium
Genus224,Sphingobacterium
Genus225,Intrasporangiaceae_unclassified
Genus226,Verrucomicrobia_unclassified
Genus227,Propionispira
Genus228,Terrimonas
Genus229,Acetobacter
Genus230,Rhizobiaceae_unclassified
Genus231,Ureaplasma
Genus232,Afipia
Genus233,Effusibacillus
Genus234,Sporosarcina
Genus235,Clostridium_XVIII
Genus236,Armatimonas/Armatimonadetes_gp1
Genus237,Butyrivibrio
Genus238,Cellulomonas
Genus239,Aquisphaera
Genus240,Xanthomonas
Genus241,Turicella
Genus242,Mollicutes_unclassified
Genus243,Moryella
Genus244,Tepidimonas
Genus245,Brachymonas
Genus246,Gimesia
Genus247,Pyramidobacter
Genus248,Mobiluncus
Genus249,Rhodococcus
Genus250,Canibacter
Genus251,Listeriaceae_unclassified
Genus252,Chlamydia
Genus253,Elizabethkingia
Genus254,Verrucomicrobiaceae_unclassified
Genus255,Dyella
Genus256,Bdellovibrio
Genus257,Salinisphaera
Genus258,Enterobacter
Genus259,Streptococcaceae_unclassified
Genus260,Lysobacter
Genus261,Cupriavidus
Genus262,Hyphomicrobium
Genus263,Fluviicola
Genus264,Pediococcus
Genus265,Coprobacillus
Genus266,Herbaspirillum
Genus267,Halomonas
Genus268,Holdemanella
Genus269,Turneriella
Genus270,Nitrosomonas
Genus271,Catenibacterium
Genus272,Mucispirillum
Genus273,Undibacterium
Genus274,Eisenbergiella
Genus275,Acidovorax
Genus276,Halococcus
Genus277,Desulforhopalus
Genus278,Gp6_unclassified
Genus279,Cloacibacillus
Genus280,Desulfovibrio
Genus281,Acidaminococcaceae_unclassified
Genus282,Altererythrobacter
Genus283,Tatumella
Genus284,Azonexus
Genus285,Sphingopyxis
Genus286,Lechevalieria
Genus287,Sphingobium
Genus288,Cloacibacterium
Genus289,Chiayiivirga
Genus290,Chryseomicrobium
Genus291,Johnsonella
Genus292,Cyanobacteria_unclassified
Genus293,Wolinella
Genus294,Centipeda
Genus295,Gemmobacter
Genus296,Actinotignum
Genus297,Howardella
Genus298,Exiguobacterium
Genus299,Dickeya
Genus300,Ezakiella
Genus301,Roseomonas
Genus302,Rudaea
Genus303,Aneurinibacillus
Genus304,Rhizobium
Genus305,Pseudoalteromonas
Genus306,Rhodoplanes
Genus307,Faecalicoccus
Genus308,Dermacoccaceae_unclassified
Genus309,Paracoccus
Genus310,Oxalobacteraceae_unclassified
Genus311,Hungatella
Genus312,Asaccharobacter
Genus313,Parascardovia
Genus314,Peptococcus
Genus315,Desulfovibrionaceae_unclassified
Genus316,Bradyrhizobium
Family001,Streptococcus
Family002,Staphylococcus
Family003,Prevotella
Family004,Veillonella
Family005,Pseudomonas
Family006,Rothia
Family007,Actinomyces
Family008,Haemophilus
Family009,Escherichia/Shigella
Family010,Lachnospiraceae_unclassified
Family011,Porphyromonas
Family012,Neisseria
Family013,Bacillales_unclassified
Family014,Bacilli_unclassified
Family015,Lactobacillales_unclassified
Family016,Achromobacter
Family017,Fusobacterium
Family018,Lactobacillus
Family019,Leptotrichia
Family020,Stenotrophomonas
Family021,Bacteroides
Family022,Capnocytophaga
Family023,Gemella
Family024,Granulicatella
Family025,Bifidobacteriaceae_unclassified
Family026,Listeria
Family027,Burkholderiaceae_unclassified
Family028,Atopobium
Family029,Actinomycetales_unclassified
Family030,Bacteroidales_unclassified
Family031,Campylobacter
Family032,Enterococcus
Family033,Oscillibacter
Family034,Akkermansia
Family035,Peptostreptococcaceae_unclassified
Family036,Bacteria_unclassified
Family037,Streptophyta_unclassified
Family038,Abiotrophia
Family039,Parvimonas
Family040,Mogibacterium
Family041,Helicobacter
Family042,Candidatus_Saccharibacteria_unclassified
Family043,Clostridiales_unclassified
Family044,Solobacterium
Family045,Deinococcus
Family046,Treponema
Family047,Acinetobacter
Family048,Firmicutes_unclassified
Family049,Clostridium_sensu_stricto
Family050,Anaeroplasma
Family051,Corynebacterium
Family052,Comamonadaceae_unclassified
Family053,Bacillus
Family054,Nocardia
Family055,Mycoplasma
Family056,Bacteroidetes_unclassified
Family057,Alistipes
Family058,Bradyrhizobiaceae_unclassified
Family059,Burkholderiales_unclassified
Family060,Fretibacterium
Family061,Phyllobacterium
Family062,Rhodobacter
Family063,Eubacterium
Family064,Planctomycetaceae_unclassified
Family065,Betaproteobacteria_unclassified
Family066,Methylobacterium
Family067,Sutterella
Family068,Proteobacteria_unclassified
Family069,Sphingomonas
Family070,Phascolarctobacterium
Family071,Aeromonas
Family072,Cardiobacterium
Family073,Planococcaceae_unclassified
Family074,Leuconostoc
Family075,Peptoniphilus
Family076,SR1_unclassified
Family077,Gammaproteobacteria_unclassified
Family078,Carboxylicivirga
Family079,Bacillariophyta_unclassified
Family080,Oxalobacteraceae_unclassified
Family081,Mycobacterium
Family082,Methanobrevibacter
Family083,Actinobacteria_unclassified
Family084,Sediminibacterium
Family085,Brevundimonas
Family086,Thermus
Family087,Bilophila
Family088,Kytococcus
Family089,Flammeovirgaceae_unclassified
Family090,Aquabacterium
Family091,Paenibacillus
Family092,unknown_unclassified
Family093,Cytophagales_unclassified
Family094,GpIIa_unclassified
Family095,Brevibacterium
Family096,Rhizobiales_unclassified
Family097,Pseudonocardiaceae_unclassified
Family098,GpXI_unclassified
Family099,Spartobacteria_unclassified
Family100,Acetobacter
Family101,Rhizobium
Family102,Bacillaceae_2_unclassified
Family103,Clostridia_unclassified
Family104,Chloroplast_unclassified
Family105,Cryptomonadaceae_unclassified
Family106,Hymenobacter
Family107,Propionibacterium
Family108,Aeromicrobium
Family109,Rhodoplanes
Family110,GpIX_unclassified
Family111,Alphaproteobacteria_unclassified
Family112,Fluviicola
Family113,Mollicutes_unclassified
Family114,Salinisphaera
Family115,Chlamydia
Family116,Canibacter
Family117,Sphingobacterium
Family118,Verrucomicrobia_unclassified
Family119,Intrasporangiaceae_unclassified
Family120,Rubrobacter
Family121,Acidobacteria_Gp4_unclassified
Family122,Brucellaceae_unclassified
Family123,Nitrosomonas
Family124,Bdellovibrio
Family125,Azonexus
Family126,Altererythrobacter
Family127,Halomonas
Family128,Gp6_unclassified
Family129,Desulforhopalus
Family130,Halococcus
Family131,Mucispirillum
Family132,Peptococcus
Family133,Turneriella
Family134,Cyanobacteria_unclassified
Family135,Aneurinibacillus
Family136,Exiguobacterium
Family137,Pseudoalteromonas
Family138,Cellulomonas
Family139,Armatimonas/Armatimonadetes_gp1
Family140,Effusibacillus
Order001,Streptococcus
Order002,Staphylococcus
Order003,Prevotella
Order004,Veillonella
Order005,Pseudomonas
Order006,Rothia
Order007,Lachnospiraceae_unclassified
Order008,Haemophilus
Order009,Fusobacterium
Order010,Escherichia/Shigella
Order011,Achromobacter
Order012,Neisseria
Order013,Bacilli_unclassified
Order014,Stenotrophomonas
Order015,Capnocytophaga
Order016,Bifidobacteriaceae_unclassified
Order017,Atopobium
Order018,Helicobacter
Order019,Akkermansia
Order020,Bacteria_unclassified
Order021,Bacillariophyta_unclassified
Order022,Rhizobiales_unclassified
Order023,Candidatus_Saccharibacteria_unclassified
Order024,Treponema
Order025,Solobacterium
Order026,Deinococcus
Order027,Firmicutes_unclassified
Order028,Anaeroplasma
Order029,Mycoplasma
Order030,Bacteroidetes_unclassified
Order031,Fretibacterium
Order032,Rhodobacter
Order033,Planctomycetaceae_unclassified
Order034,Sphingomonas
Order035,Betaproteobacteria_unclassified
Order036,Proteobacteria_unclassified
Order037,Cardiobacterium
Order038,Aeromonas
Order039,SR1_unclassified
Order040,Cytophagales_unclassified
Order041,Gammaproteobacteria_unclassified
Order042,Methanobrevibacter
Order043,Sediminibacterium
Order044,Actinobacteria_unclassified
Order045,Brevundimonas
Order046,Bilophila
Order047,Thermus
Order048,GpIIa_unclassified
Order049,unknown_unclassified
Order050,GpXI_unclassified
Order051,Spartobacteria_unclassified
Order052,Clostridia_unclassified
Order053,Acetobacter
Order054,Alphaproteobacteria_unclassified
Order055,GpIX_unclassified
Order056,Mollicutes_unclassified
Order057,Mucispirillum
Order058,Bdellovibrio
Order059,Chlamydia
Order060,Salinisphaera
Order061,Azonexus
Order062,Verrucomicrobia_unclassified
Order063,Rubrobacter
Order064,Acidobacteria_Gp4_unclassified
Order065,Halomonas
Order066,Armatimonas/Armatimonadetes_gp1
Order067,Pseudoalteromonas
Order068,Gp6_unclassified
Order069,Desulforhopalus
Order070,Cyanobacteria_unclassified
Order071,Halococcus
Order072,Nitrosomonas
Class001,Bacillales_unclassified
Class002,Pseudomonas
Class003,Prevotella
Class004,Veillonella
Class005,Rothia
Class006,Achromobacter
Class007,Lachnospiraceae_unclassified
Class008,Fusobacterium
Class009,Capnocytophaga
Class010,Helicobacter
Class011,Akkermansia
Class012,Bacteria_unclassified
Class013,Rhizobiales_unclassified
Class014,Mycoplasma
Class015,Bacillariophyta_unclassified
Class016,Deinococcus
Class017,Candidatus_Saccharibacteria_unclassified
Class018,Treponema
Class019,Solobacterium
Class020,Firmicutes_unclassified
Class021,Bacteroidetes_unclassified
Class022,Fretibacterium
Class023,Planctomycetaceae_unclassified
Class024,Proteobacteria_unclassified
Class025,SR1_unclassified
Class026,Cytophagales_unclassified
Class027,GpIX_unclassified
Class028,Methanobrevibacter
Class029,Desulfovibrionaceae_unclassified
Class030,Sediminibacterium
Class031,unknown_unclassified
Class032,Spartobacteria_unclassified
Class033,Gp6_unclassified
Class034,Halococcus
Class035,Mucispirillum
Class036,Armatimonas/Armatimonadetes_gp1
Class037,Acidobacteria_Gp4_unclassified
Class038,Verrucomicrobia_unclassified
Class039,Chlamydia
Phylum001,Bacilli_unclassified
Phylum002,Pseudomonas
Phylum003,Prevotella
Phylum004,Rothia
Phylum005,Fusobacterium
Phylum006,Akkermansia
Phylum007,Bacteria_unclassified
Phylum008,Bacillariophyta_unclassified
Phylum009,Mycoplasma
Phylum010,Deinococcus
Phylum011,Candidatus_Saccharibacteria_unclassified
Phylum012,Treponema
Phylum013,Fretibacterium
Phylum014,Planctomycetaceae_unclassified
Phylum015,SR1_unclassified
Phylum016,Methanobrevibacter
Phylum017,unknown_unclassified
Phylum018,Acidobacteria_unclassified
Phylum019,Mucispirillum
Phylum020,Armatimonas/Armatimonadetes_gp1
Phylum021,Chlamydia